transaction_id,timestamp,customer_id,customer_segment,transaction_type,amount_ghs,currency,provider,channel,region,merchant_or_agent_id,recipient_id,device_id,status,failure_or_reversal_reason,balance_before_ghs,balance_after_ghs,customer_tenure_days,velocity_1h,device_changes_24h,failed_attempts_24h,risk_score
TXN000001,2026-08-03 18:24:00,CUST0159,Consumer,Cash-Out,21.52,GHS,KasaPay,Web,Greater Accra,MER042,RCP0007,DEV0034,SUCCESS,,2087.89,2066.37,554,3,1,0,33.7
TXN000002,2026-08-24 23:49:00,CUST0079,Microbusiness,Bill Payment,296.46,GHS,ApexMoney,USSD,Ashanti,,RCP0056,DEV0226,SUCCESS,,936.58,640.12,358,2,1,1,51.1
TXN000003,2026-08-21 07:00:00,CUST0069,Microbusiness,Merchant Payment,192.66,GHS,KasaPay,Mobile App,Eastern,MER011,RCP0071,DEV0257,SUCCESS,,349.85,157.19,2121,5,2,2,90.8
TXN000004,2026-08-14 14:31:00,CUST0097,Microbusiness,Merchant Payment,109.73,GHS,ApexMoney,POS,Ashanti,MER012,RCP0239,DEV0330,SUCCESS,,1433.49,1323.76,776,5,2,2,83.1
TXN000005,2026-08-14 10:09:00,CUST0180,Microbusiness,Bank Transfer,93.8,GHS,ApexMoney,Mobile App,Greater Accra,,RCP0203,DEV0258,SUCCESS,,329.74,235.94,385,2,0,2,49.5
TXN000006,2026-08-27 14:47:00,CUST0073,Microbusiness,Merchant Payment,263.36,GHS,KasaPay,POS,Ashanti,MER059,RCP0091,DEV0085,SUCCESS,,1419.45,1156.09,1522,5,2,1,83.2
TXN000007,2026-08-03 15:56:00,CUST0275,Consumer,Cash-Out,228.06,GHS,SwiftCash,USSD,Ashanti,MER049,RCP0249,DEV0166,SUCCESS,,1493.25,1265.19,488,3,2,3,85.9
TXN000008,2026-08-22 14:50:00,CUST0144,Consumer,Merchant Payment,217.97,GHS,MobiLink,Mobile App,Greater Accra,MER067,RCP0217,DEV0200,SUCCESS,,246.88,28.91,1709,4,2,0,64.9
TXN000009,2026-08-07 05:53:00,CUST0259,Consumer,P2P Transfer,120.08,GHS,SwiftCash,Mobile App,Central,,RCP0065,DEV0443,FAILED,Validation Error,762.28,762.28,168,1,0,3,43.9
TXN000010,2026-08-03 22:04:00,CUST0205,Microbusiness,Cash-Out,60.53,GHS,MobiLink,POS,Greater Accra,MER056,RCP0124,DEV0240,SUCCESS,,885.93,825.4,1147,3,1,3,67.3
TXN000011,2026-08-17 07:42:00,CUST0101,Consumer,P2P Transfer,156.34,GHS,SwiftCash,Mobile App,Eastern,,RCP0239,DEV0286,SUCCESS,,3502.32,3345.98,895,1,0,2,36.9
TXN000012,2026-08-31 05:51:00,CUST0069,Consumer,P2P Transfer,162.98,GHS,SwiftCash,Web,Ashanti,,RCP0119,DEV0332,SUCCESS,,282.39,119.41,2105,5,0,1,69.2
TXN000013,2026-08-23 19:23:00,CUST0224,SME,Cash-In,69.27,GHS,ApexMoney,POS,Northern,MER043,RCP0097,DEV0164,SUCCESS,,1442.9,1512.17,1154,2,1,1,51.4
TXN000014,2026-08-24 14:17:00,CUST0100,Microbusiness,Cash-Out,60.43,GHS,SwiftCash,POS,Greater Accra,MER062,RCP0234,DEV0435,SUCCESS,,499.2,438.77,2036,2,0,1,39.6
TXN000015,2026-08-23 05:48:00,CUST0075,Consumer,Bank Transfer,213.43,GHS,ApexMoney,Mobile App,Greater Accra,,RCP0172,DEV0304,FAILED,Insufficient Funds,194.22,194.22,558,4,0,0,40.8
TXN000016,2026-08-25 08:49:00,CUST0280,Microbusiness,P2P Transfer,335.12,GHS,ApexMoney,POS,Greater Accra,,RCP0115,DEV0382,SUCCESS,,450.34,115.22,1049,5,0,0,52.8
TXN000017,2026-08-16 21:50:00,CUST0145,Consumer,P2P Transfer,43.08,GHS,ApexMoney,API,Ashanti,,RCP0226,DEV0338,SUCCESS,,493.66,450.58,1793,2,1,2,63.4
TXN000018,2026-08-04 23:18:00,CUST0015,Consumer,Bill Payment,65.11,GHS,SwiftCash,Mobile App,Greater Accra,,RCP0193,DEV0280,SUCCESS,,222.7,157.59,365,4,0,2,68.0
TXN000019,2026-08-27 00:46:00,CUST0149,Consumer,P2P Transfer,109.76,GHS,SwiftCash,Mobile App,Central,,RCP0091,DEV0014,FAILED,Limit Exceeded,622.74,622.74,2042,4,2,1,73.1
TXN000020,2026-08-14 23:05:00,CUST0139,Microbusiness,P2P Transfer,123.18,GHS,MobiLink,Mobile App,Greater Accra,,RCP0110,DEV0263,SUCCESS,,1010.66,887.48,1703,3,2,1,52.3
TXN000021,2026-08-16 12:15:00,CUST0260,Consumer,P2P Transfer,52.25,GHS,MobiLink,Mobile App,Greater Accra,,RCP0013,DEV0059,SUCCESS,,589.13,536.88,1493,5,2,0,71.0
TXN000022,2026-08-12 11:52:00,CUST0214,Consumer,Cash-In,403.83,GHS,MobiLink,POS,Ashanti,MER030,RCP0027,DEV0272,PENDING,Awaiting Confirmation,328.2,328.2,546,1,2,3,67.1
TXN000023,2026-08-06 15:49:00,CUST0099,Microbusiness,Bank Transfer,116.6,GHS,ApexMoney,USSD,Western,,RCP0248,DEV0316,SUCCESS,,440.82,324.22,1802,15,1,3,75.4
TXN000024,2026-08-29 17:30:00,CUST0046,Consumer,Cash-Out,127.95,GHS,MobiLink,USSD,Northern,MER007,RCP0014,DEV0246,SUCCESS,,491.07,363.12,1856,3,1,0,46.5
TXN000025,2026-08-25 05:29:00,CUST0182,Microbusiness,Cash-Out,363.24,GHS,SwiftCash,Mobile App,Central,MER061,RCP0217,DEV0139,FAILED,Limit Exceeded,579.98,579.98,654,1,2,1,56.9
TXN000026,2026-08-20 23:02:00,CUST0015,Consumer,P2P Transfer,55.61,GHS,MobiLink,Mobile App,Ashanti,,RCP0054,DEV0027,SUCCESS,,1132.72,1077.11,1297,5,1,2,82.8
TXN000027,2026-08-13 11:23:00,CUST0096,Microbusiness,Merchant Payment,75.55,GHS,ApexMoney,Mobile App,Central,MER034,RCP0141,DEV0302,SUCCESS,,604.23,528.68,147,4,1,0,62.9
TXN000028,2026-08-26 12:08:00,CUST0042,Consumer,Merchant Payment,28.07,GHS,ApexMoney,Web,Central,MER076,RCP0188,DEV0315,SUCCESS,,172.08,144.01,876,5,1,0,55.9
TXN000029,2026-08-17 21:47:00,CUST0007,Microbusiness,P2P Transfer,70.35,GHS,MobiLink,USSD,Greater Accra,,RCP0257,DEV0216,SUCCESS,,323.2,252.85,344,1,0,3,48.2
TXN000030,2026-08-14 17:54:00,CUST0276,Microbusiness,P2P Transfer,22.98,GHS,ApexMoney,Mobile App,Ashanti,,RCP0097,DEV0323,SUCCESS,,558.09,535.11,1230,4,2,0,55.4
TXN000031,2026-08-14 23:08:00,CUST0027,Consumer,Merchant Payment,153.8,GHS,KasaPay,POS,Western,MER047,RCP0240,DEV0351,SUCCESS,,1144.92,991.12,1214,4,2,2,82.4
TXN000032,2026-08-08 01:03:00,CUST0003,Consumer,P2P Transfer,116.4,GHS,KasaPay,Mobile App,Greater Accra,,RCP0118,DEV0231,SUCCESS,,1304.25,1187.85,1179,5,2,3,95.7
TXN000033,2026-08-03 20:32:00,CUST0280,Microbusiness,Cash-In,64.36,GHS,ApexMoney,Mobile App,Eastern,MER049,RCP0225,DEV0022,SUCCESS,,1865.0,1929.36,1494,2,0,2,56.7
TXN000034,2026-08-18 04:36:00,CUST0057,Consumer,Cash-Out,74.79,GHS,ApexMoney,Mobile App,Ashanti,MER075,RCP0027,DEV0392,REVERSED,Duplicate Transaction,543.46,543.46,2035,5,2,1,86.5
TXN000035,2026-08-28 12:35:00,CUST0245,Microbusiness,P2P Transfer,155.59,GHS,MobiLink,API,Ashanti,,RCP0070,DEV0211,SUCCESS,,873.48,717.89,444,4,0,0,53.1
TXN000036,2026-08-02 23:28:00,CUST0010,Consumer,Merchant Payment,31.02,GHS,MobiLink,POS,Greater Accra,MER016,RCP0162,DEV0303,SUCCESS,,165.53,134.51,483,2,0,2,46.4
TXN000037,2026-08-27 14:34:00,CUST0047,Microbusiness,Bank Transfer,96.89,GHS,MobiLink,USSD,Eastern,,RCP0183,DEV0410,FAILED,Network Timeout,680.22,680.22,485,2,0,1,33.9
TXN000038,2026-08-26 15:45:00,CUST0034,Consumer,Cash-Out,147.61,GHS,ApexMoney,Mobile App,Northern,MER059,RCP0209,DEV0164,SUCCESS,,219.98,72.37,2043,5,0,3,75.7
TXN000039,2026-08-09 13:54:00,CUST0212,Consumer,Bank Transfer,17.9,GHS,ApexMoney,Mobile App,Greater Accra,,RCP0093,DEV0280,SUCCESS,,470.17,452.27,217,4,0,2,66.6
TXN000040,2026-08-20 13:57:00,CUST0187,Consumer,Merchant Payment,145.79,GHS,KasaPay,USSD,Ashanti,MER028,RCP0162,DEV0007,SUCCESS,,4780.87,4635.08,83,1,2,0,70.50856530740012
TXN000041,2026-08-06 02:55:00,CUST0143,Consumer,Bank Transfer,19.63,GHS,KasaPay,Mobile App,Greater Accra,,RCP0161,DEV0399,SUCCESS,,618.73,599.1,365,1,0,1,34.5
TXN000042,2026-08-24 12:01:00,CUST0073,Consumer,P2P Transfer,73.7,GHS,ApexMoney,Web,Greater Accra,,RCP0256,DEV0027,SUCCESS,,257.79,184.09,1695,5,2,2,90.8
TXN000043,2026-08-22 17:11:00,CUST0027,Microbusiness,Merchant Payment,30.3,GHS,SwiftCash,POS,Bono,MER031,RCP0031,DEV0244,SUCCESS,,669.04,638.74,1281,1,0,2,39.9
TXN000044,2026-08-11 23:46:00,CUST0171,Microbusiness,P2P Transfer,274.94,GHS,MobiLink,USSD,Ashanti,,RCP0005,DEV0159,FAILED,Limit Exceeded,334.35,334.35,2024,2,1,2,58.8
TXN000045,2026-08-03 02:31:00,CUST0070,SME,Merchant Payment,30.46,GHS,KasaPay,POS,Ashanti,MER026,RCP0149,DEV0017,SUCCESS,,239.71,209.25,461,4,1,0,69.2
TXN000046,2026-08-31 02:11:00,CUST0178,Microbusiness,Merchant Payment,20.03,GHS,KasaPay,API,Greater Accra,MER078,RCP0005,DEV0208,SUCCESS,,2385.95,2365.92,876,5,2,0,82.4
TXN000047,2026-08-14 19:35:00,CUST0207,Consumer,P2P Transfer,91.23,GHS,KasaPay,USSD,Bono,,RCP0051,DEV0422,SUCCESS,,1096.75,1005.52,1228,2,2,0,52.6
TXN000048,2026-08-28 16:28:00,CUST0255,Consumer,Cash-Out,57.3,GHS,ApexMoney,USSD,Greater Accra,MER059,RCP0130,DEV0076,FAILED,Validation Error,638.52,638.52,174,4,2,2,85.7
TXN000049,2026-08-22 00:22:00,CUST0149,SME,Merchant Payment,22.67,GHS,ApexMoney,Web,Central,MER072,RCP0070,DEV0132,SUCCESS,,367.28,344.61,2021,4,2,0,68.8
TXN000050,2026-08-25 03:07:00,CUST0002,Consumer,P2P Transfer,127.35,GHS,KasaPay,Mobile App,Greater Accra,,RCP0069,DEV0086,SUCCESS,,390.3,262.95,1773,4,0,3,77.0
TXN000051,2026-08-24 13:21:00,CUST0085,Consumer,P2P Transfer,14.99,GHS,KasaPay,Web,Greater Accra,,RCP0090,DEV0057,SUCCESS,,1566.91,1551.92,329,4,0,1,53.5
TXN000052,2026-08-07 00:48:00,CUST0257,Microbusiness,Merchant Payment,33.76,GHS,KasaPay,Mobile App,Central,MER030,RCP0178,DEV0104,SUCCESS,,620.13,586.37,1856,2,1,1,44.9
TXN000053,2026-08-12 06:44:00,CUST0099,SME,Merchant Payment,49.95,GHS,MobiLink,USSD,Greater Accra,MER068,RCP0095,DEV0258,FAILED,Limit Exceeded,48.81,48.81,995,15,0,0,75.9
TXN000054,2026-08-15 11:14:00,CUST0186,Consumer,Merchant Payment,161.08,GHS,ApexMoney,POS,Central,MER034,RCP0206,DEV0352,SUCCESS,,3028.14,2867.06,749,1,1,1,42.1
TXN000055,2026-08-16 10:21:00,CUST0138,Consumer,P2P Transfer,244.97,GHS,ApexMoney,USSD,Greater Accra,,RCP0042,DEV0311,SUCCESS,,565.27,320.3,2082,4,1,3,89.7
TXN000056,2026-08-02 08:35:00,CUST0049,Consumer,Cash-Out,207.96,GHS,ApexMoney,USSD,Central,MER060,RCP0027,DEV0348,SUCCESS,,637.48,429.52,1148,4,0,0,56.9
TXN000057,2026-08-17 22:38:00,CUST0270,Microbusiness,Bill Payment,71.5,GHS,ApexMoney,USSD,Central,,RCP0044,DEV0323,SUCCESS,,1113.23,1041.73,511,4,0,2,68.1
TXN000058,2026-08-05 18:47:00,CUST0232,Consumer,Merchant Payment,10.35,GHS,KasaPay,Mobile App,Central,MER075,RCP0238,DEV0173,SUCCESS,,698.58,688.23,1783,1,2,0,45.2
TXN000059,2026-08-24 01:04:00,CUST0299,Microbusiness,Cash-In,113.55,GHS,SwiftCash,Mobile App,Greater Accra,MER064,RCP0072,DEV0406,SUCCESS,,862.8,976.35,1578,5,1,0,84.2
TXN000060,2026-08-22 04:11:00,CUST0257,Consumer,Bank Transfer,284.29,GHS,MobiLink,Mobile App,Central,,RCP0008,DEV0078,SUCCESS,,358.6,74.31,434,3,2,2,78.2
TXN000061,2026-08-29 14:21:00,CUST0088,Consumer,Bill Payment,232.46,GHS,SwiftCash,USSD,Bono,,RCP0082,DEV0315,FAILED,Insufficient Funds,195.91,195.91,1495,1,1,2,44.5
TXN000062,2026-08-24 02:06:00,CUST0077,Consumer,Cash-In,120.72,GHS,KasaPay,USSD,Greater Accra,MER038,RCP0179,DEV0050,SUCCESS,,608.0,728.72,1389,3,1,2,65.3
TXN000063,2026-08-12 08:46:00,CUST0075,Consumer,Bank Transfer,29.63,GHS,ApexMoney,Mobile App,Greater Accra,,RCP0094,DEV0345,SUCCESS,,1441.89,1412.26,616,3,2,0,68.3
TXN000064,2026-08-30 23:49:00,CUST0276,Microbusiness,Bank Transfer,52.12,GHS,KasaPay,Web,Western,,RCP0100,DEV0040,SUCCESS,,303.13,251.01,955,3,0,0,31.2
TXN000065,2026-08-13 17:40:00,CUST0168,Consumer,Bank Transfer,421.47,GHS,ApexMoney,Mobile App,Greater Accra,,RCP0023,DEV0098,FAILED,Insufficient Funds,285.43,285.43,1848,4,0,1,51.5
TXN000066,2026-08-11 02:24:00,CUST0137,Microbusiness,Merchant Payment,24.43,GHS,MobiLink,USSD,Eastern,MER032,RCP0173,DEV0177,FAILED,Service Unavailable,1231.22,1231.22,396,3,2,0,65.6
TXN000067,2026-08-29 01:43:00,CUST0291,Consumer,P2P Transfer,7168.7,GHS,KasaPay,USSD,Central,,RCP0058,DEV0313,FAILED,Validation Error,349.7,349.7,1593,2,2,3,87.46346487578694
TXN000068,2026-08-12 11:37:00,CUST0182,SME,P2P Transfer,181.48,GHS,ApexMoney,Mobile App,Greater Accra,,RCP0026,DEV0021,FAILED,Invalid PIN,362.16,362.16,1831,4,0,1,55.3
TXN000069,2026-08-03 08:47:00,CUST0273,Microbusiness,Merchant Payment,56.46,GHS,ApexMoney,POS,Ashanti,MER047,RCP0186,DEV0116,SUCCESS,,372.46,316.0,2061,2,1,2,65.4
TXN000070,2026-08-15 13:20:00,CUST0296,Consumer,Merchant Payment,29.83,GHS,ApexMoney,USSD,Eastern,MER009,RCP0243,DEV0151,SUCCESS,,469.31,439.48,724,1,1,0,28.7
TXN000071,2026-08-25 15:59:00,CUST0024,SME,Merchant Payment,298.5,GHS,MobiLink,Mobile App,Greater Accra,MER051,RCP0159,DEV0329,FAILED,Invalid PIN,151.38,151.38,597,2,2,2,60.2
TXN000072,2026-08-06 20:58:00,CUST0109,Consumer,Cash-In,120.53,GHS,ApexMoney,API,Northern,MER014,RCP0243,DEV0433,SUCCESS,,328.81,449.34,2056,5,1,0,56.7
TXN000073,2026-08-15 08:25:00,CUST0221,Consumer,Cash-In,58.88,GHS,ApexMoney,Web,Greater Accra,MER012,RCP0105,DEV0277,SUCCESS,,585.68,644.56,1026,3,0,1,51.5
TXN000074,2026-08-05 00:39:00,CUST0244,SME,Bank Transfer,30.76,GHS,ApexMoney,POS,Ashanti,,RCP0135,DEV0229,SUCCESS,,582.56,551.8,1258,2,2,1,61.6
TXN000075,2026-08-22 06:44:00,CUST0045,SME,P2P Transfer,464.19,GHS,SwiftCash,Web,Western,,RCP0093,DEV0152,SUCCESS,,1174.38,710.19,1135,2,2,0,46.8
TXN000076,2026-08-15 17:55:00,CUST0096,Microbusiness,P2P Transfer,79.78,GHS,KasaPay,Web,Greater Accra,,RCP0132,DEV0371,SUCCESS,,1957.74,1877.96,1139,5,1,0,58.0
TXN000077,2026-08-11 05:39:00,CUST0099,SME,Bank Transfer,267.13,GHS,SwiftCash,Mobile App,Western,,RCP0003,DEV0049,SUCCESS,,1532.05,1264.92,1379,15,2,3,89.7
TXN000078,2026-08-08 00:49:00,CUST0240,Consumer,Bank Transfer,174.09,GHS,KasaPay,USSD,Greater Accra,,RCP0165,DEV0059,SUCCESS,,978.47,804.38,939,4,0,1,62.7
TXN000079,2026-08-18 11:59:00,CUST0034,Consumer,Bill Payment,52.31,GHS,ApexMoney,USSD,Ashanti,,RCP0007,DEV0091,SUCCESS,,440.74,388.43,871,4,0,2,60.0
TXN000080,2026-08-21 18:20:00,CUST0181,Consumer,Bank Transfer,52.67,GHS,MobiLink,Mobile App,Greater Accra,,RCP0151,DEV0121,SUCCESS,,308.8,256.13,890,5,2,2,89.0
TXN000081,2026-08-30 03:35:00,CUST0089,Consumer,Bank Transfer,278.49,GHS,ApexMoney,Mobile App,Central,,RCP0098,DEV0208,SUCCESS,,499.4,220.91,1449,4,1,2,67.9
TXN000082,2026-08-14 13:14:00,CUST0065,Consumer,Merchant Payment,282.35,GHS,ApexMoney,Mobile App,Western,MER060,RCP0141,DEV0426,SUCCESS,,764.47,482.12,1802,3,0,2,54.8
TXN000083,2026-08-05 23:33:00,CUST0155,Consumer,Merchant Payment,16.52,GHS,KasaPay,POS,Western,MER076,RCP0145,DEV0293,SUCCESS,,912.74,896.22,1227,2,2,3,80.0
TXN000084,2026-08-26 19:30:00,CUST0125,Consumer,P2P Transfer,129.97,GHS,ApexMoney,POS,Bono,,RCP0153,DEV0173,SUCCESS,,786.28,656.31,1495,1,0,2,53.7
TXN000085,2026-08-20 12:32:00,CUST0191,Consumer,Cash-In,73.48,GHS,ApexMoney,POS,Central,MER009,RCP0225,DEV0096,SUCCESS,,449.94,523.42,917,4,0,1,57.3
TXN000086,2026-08-22 16:59:00,CUST0096,Consumer,Bill Payment,33.84,GHS,SwiftCash,Mobile App,Central,,RCP0223,DEV0292,REVERSED,Settlement Failure,889.04,889.04,1705,5,1,1,73.7
TXN000087,2026-08-04 00:20:00,CUST0247,Microbusiness,Merchant Payment,101.75,GHS,KasaPay,Mobile App,Ashanti,MER060,RCP0252,DEV0114,SUCCESS,,1268.58,1166.83,875,4,1,3,89.2
TXN000088,2026-08-10 16:24:00,None,Consumer,Cash-In,25.86,GHS,ApexMoney,USSD,Volta,MER001,RCP0159,DEV0440,FAILED,Recipient Unavailable,953.48,953.48,935,3,2,1,72.2
TXN000089,2026-08-24 19:16:00,CUST0259,Microbusiness,P2P Transfer,54.79,GHS,KasaPay,USSD,Eastern,,RCP0074,DEV0215,SUCCESS,,481.06,426.27,135,1,1,2,47.5
TXN000090,2026-08-26 19:12:00,CUST0009,Microbusiness,P2P Transfer,41.32,GHS,SwiftCash,Web,Northern,,RCP0051,DEV0248,SUCCESS,,263.65,222.33,586,4,0,3,87.8
TXN000091,2026-08-14 11:48:00,CUST0221,Consumer,P2P Transfer,53.26,GHS,ApexMoney,Web,Greater Accra,,RCP0220,DEV0407,SUCCESS,,259.0,205.74,1628,2,2,0,50.9
TXN000092,2026-08-25 22:44:00,CUST0104,Microbusiness,P2P Transfer,76.65,GHS,ApexMoney,Web,Ashanti,,RCP0237,DEV0138,SUCCESS,,295.62,218.97,204,4,1,0,58.4
TXN000093,2026-08-27 02:13:00,CUST0116,SME,Bill Payment,34.36,GHS,KasaPay,Web,Central,,RCP0010,DEV0213,SUCCESS,,597.53,563.17,504,2,0,0,34.3
TXN000094,2026-08-13 00:17:00,CUST0006,Consumer,Merchant Payment,310.2,GHS,KasaPay,API,Greater Accra,MER054,RCP0056,DEV0240,SUCCESS,,727.67,417.47,1711,5,1,0,67.1
TXN000095,2026-08-28 20:10:00,CUST0211,Consumer,Bank Transfer,123.88,GHS,MobiLink,USSD,Greater Accra,,RCP0176,DEV0122,SUCCESS,,170.56,46.68,1922,5,1,2,92.2
TXN000096,2026-08-09 22:30:00,CUST0050,Consumer,Cash-Out,374.42,GHS,KasaPay,Mobile App,Bono,MER023,RCP0043,DEV0025,FAILED,Service Unavailable,337.65,337.65,922,2,1,2,55.5
TXN000097,2026-08-08 10:13:00,CUST0198,Consumer,P2P Transfer,71.09,GHS,ApexMoney,Mobile App,Ashanti,,RCP0013,DEV0128,SUCCESS,,591.38,520.29,904,2,0,1,44.7
TXN000098,2026-08-22 03:46:00,CUST0218,Consumer,P2P Transfer,51.09,GHS,KasaPay,Mobile App,Greater Accra,,RCP0259,DEV0051,FAILED,Limit Exceeded,250.95,250.95,1127,5,1,0,66.0
TXN000099,2026-08-20 17:45:00,CUST0254,Microbusiness,Bank Transfer,363.09,GHS,SwiftCash,Mobile App,Greater Accra,,RCP0025,DEV0305,SUCCESS,,682.27,319.18,1697,1,1,2,56.9
TXN000100,2026-08-05 07:58:00,CUST0213,Microbusiness,P2P Transfer,49.83,GHS,ApexMoney,Mobile App,Ashanti,,RCP0056,DEV0004,SUCCESS,,391.28,341.45,1040,3,2,0,57.7
TXN000101,2026-08-26 19:33:00,CUST0091,Microbusiness,Bank Transfer,70.0,GHS,KasaPay,API,Eastern,,RCP0257,DEV0143,SUCCESS,,286.41,216.41,393,1,2,2,58.9
TXN000102,2026-08-07 04:43:00,CUST0222,Microbusiness,P2P Transfer,150.21,GHS,ApexMoney,Mobile App,Volta,,RCP0026,DEV0398,SUCCESS,,512.81,362.6,957,3,2,3,90.4
TXN000103,2026-08-25 22:50:00,CUST0248,Consumer,Cash-Out,28.44,GHS,MobiLink,API,Bono,MER012,RCP0208,DEV0256,SUCCESS,,661.3,632.86,571,1,1,1,44.1
TXN000104,2026-08-01 05:28:00,CUST0096,Consumer,Bank Transfer,149.1,GHS,SwiftCash,POS,Eastern,,RCP0146,DEV0303,FAILED,Insufficient Funds,260.76,260.76,1509,1,1,1,37.1
TXN000105,2026-08-25 16:51:00,CUST0038,Consumer,P2P Transfer,133.73,GHS,KasaPay,USSD,Central,,RCP0140,DEV0301,SUCCESS,,410.77,277.04,326,3,1,2,75.1
TXN000106,2026-08-25 09:28:00,CUST0268,Consumer,P2P Transfer,239.59,GHS,MobiLink,POS,Greater Accra,,RCP0215,DEV0135,SUCCESS,,699.77,460.18,1345,1,0,0,27.4
TXN000107,2026-08-25 04:35:00,CUST0045,Microbusiness,Bill Payment,173.56,GHS,MobiLink,Mobile App,Northern,,RCP0006,DEV0285,REVERSED,Network Timeout,278.23,278.23,298,4,0,2,64.6
TXN000108,2026-08-21 14:38:00,CUST0179,Consumer,P2P Transfer,245.91,GHS,ApexMoney,USSD,Greater Accra,,RCP0016,DEV0100,FAILED,Insufficient Funds,142.12,142.12,2138,3,2,1,65.2
TXN000109,2026-08-15 14:50:00,CUST0071,Consumer,Merchant Payment,74.15,GHS,KasaPay,Mobile App,Greater Accra,MER061,RCP0051,DEV0286,SUCCESS,,155.64,81.49,1413,3,0,1,50.2
TXN000110,2026-08-22 20:38:00,CUST0038,Consumer,Merchant Payment,39.12,GHS,KasaPay,API,Bono,MER061,RCP0127,DEV0308,SUCCESS,,360.13,321.01,318,3,2,0,63.0
TXN000111,2026-08-09 14:10:00,CUST0233,Consumer,P2P Transfer,489.55,GHS,ApexMoney,Mobile App,Northern,,RCP0250,DEV0395,FAILED,Insufficient Funds,183.31,183.31,2110,5,2,3,92.4
TXN000112,2026-08-25 04:51:00,CUST0044,Consumer,Bank Transfer,22.25,GHS,KasaPay,Mobile App,Greater Accra,,RCP0018,DEV0414,SUCCESS,,379.63,357.38,1268,5,2,1,86.3
TXN000113,2026-08-18 05:24:00,CUST0202,Consumer,Bank Transfer,24.23,GHS,ApexMoney,POS,Central,,RCP0109,DEV0011,SUCCESS,,1717.64,1693.41,1340,1,0,0,26.9
TXN000114,2026-08-15 05:26:00,CUST0208,Consumer,Merchant Payment,131.68,GHS,MobiLink,POS,Ashanti,MER056,RCP0112,DEV0135,SUCCESS,,175.22,43.54,153,4,1,3,69.9
TXN000115,2026-08-16 16:10:00,CUST0019,Consumer,Bank Transfer,324.16,GHS,KasaPay,USSD,Greater Accra,,RCP0051,DEV0247,SUCCESS,,398.64,74.48,425,3,2,3,87.2
TXN000116,2026-08-18 15:08:00,CUST0052,Consumer,P2P Transfer,95.69,GHS,SwiftCash,USSD,Greater Accra,,RCP0090,DEV0145,SUCCESS,,2438.72,2343.03,1780,4,1,2,79.2
TXN000117,2026-08-02 03:43:00,CUST0239,SME,P2P Transfer,190.45,GHS,KasaPay,Mobile App,Greater Accra,,RCP0053,DEV0279,PENDING,Awaiting Confirmation,669.21,669.21,1036,4,1,0,60.5
TXN000118,2026-08-05 08:00:00,CUST0153,Consumer,Cash-In,14.93,GHS,ApexMoney,POS,Ashanti,MER030,RCP0036,DEV0385,SUCCESS,,373.98,388.91,1361,4,2,3,98.8
TXN000119,2026-08-08 14:38:00,CUST0099,Consumer,Bill Payment,53.27,GHS,MobiLink,Mobile App,Ashanti,,RCP0135,DEV0117,SUCCESS,,438.05,384.78,2171,11,2,0,89.2
TXN000120,2026-08-04 13:12:00,CUST0298,Consumer,P2P Transfer,16.56,GHS,ApexMoney,Mobile App,Ashanti,,RCP0242,DEV0403,SUCCESS,,679.95,663.39,951,2,0,0,24.8
TXN000121,2026-08-14 15:04:00,CUST0080,Consumer,P2P Transfer,158.12,GHS,ApexMoney,Mobile App,Greater Accra,,RCP0105,DEV0397,SUCCESS,,1757.82,1599.7,847,5,0,2,62.2
TXN000121,2026-08-21 17:17:00,CUST0002,Consumer,Merchant Payment,21.86,GHS,KasaPay,Mobile App,Volta,MER072,RCP0165,DEV0412,SUCCESS,,330.91,309.05,1767,4,1,1,72.6
TXN000123,2026-08-21 06:53:00,CUST0278,Consumer,Bank Transfer,27.49,GHS,SwiftCash,Mobile App,Eastern,,RCP0174,DEV0034,SUCCESS,,279.16,251.67,159,2,1,0,45.2
TXN000124,2026-08-15 14:29:00,CUST0005,SME,P2P Transfer,126.08,GHS,KasaPay,USSD,Northern,,RCP0219,DEV0132,SUCCESS,,175.19,49.11,1009,2,2,2,76.0
TXN000125,2026-08-27 12:10:00,CUST0167,SME,Merchant Payment,200.85,GHS,ApexMoney,Mobile App,Greater Accra,MER026,RCP0214,DEV0056,SUCCESS,,532.36,331.51,1882,3,0,1,43.6
TXN000126,2026-08-18 12:32:00,CUST0298,Consumer,Cash-Out,71.16,GHS,ApexMoney,Mobile App,Eastern,MER003,RCP0235,DEV0055,SUCCESS,,171.7,100.54,512,2,0,3,62.8
TXN000127,2026-08-03 10:55:00,CUST0174,Consumer,Merchant Payment,132.24,GHS,ApexMoney,USSD,Western,MER014,RCP0211,DEV0024,SUCCESS,,347.99,215.75,679,4,2,0,58.0
TXN000128,2026-08-24 17:09:00,CUST0176,Consumer,P2P Transfer,128.65,GHS,ApexMoney,Mobile App,Greater Accra,,RCP0241,DEV0198,SUCCESS,,249.26,120.61,1047,3,1,3,70.8
TXN000129,2026-08-18 19:30:00,CUST0117,Consumer,P2P Transfer,67.82,GHS,KasaPay,POS,Greater Accra,,RCP0251,DEV0040,SUCCESS,,1102.78,1034.96,177,1,2,2,61.8
TXN000130,2026-08-20 16:13:00,CUST0039,Consumer,Merchant Payment,32.12,GHS,ApexMoney,API,Greater Accra,MER017,RCP0194,DEV0134,SUCCESS,,336.54,304.42,169,2,0,0,35.0
TXN000131,2026-08-18 12:38:00,CUST0172,Microbusiness,Merchant Payment,131.65,GHS,ApexMoney,USSD,Greater Accra,MER041,RCP0128,DEV0442,SUCCESS,,663.61,531.96,564,5,1,2,93.1
TXN000132,2026-08-18 03:51:00,CUST0270,Consumer,Bank Transfer,137.16,GHS,SwiftCash,Web,Ashanti,,RCP0080,DEV0398,FAILED,Invalid PIN,147.96,147.96,1976,5,1,3,90.6
TXN000133,2026-08-03 19:22:00,CUST0028,Consumer,Cash-In,174.15,GHS,SwiftCash,Mobile App,Greater Accra,MER029,RCP0148,DEV0422,SUCCESS,,543.83,717.98,499,2,2,0,45.8
TXN000134,2026-08-18 08:03:00,CUST0265,Consumer,Cash-Out,106.19,GHS,ApexMoney,Mobile App,Greater Accra,MER074,RCP0215,DEV0017,SUCCESS,,199.86,93.67,1612,4,0,3,68.5
TXN000135,2026-08-25 15:24:00,CUST0125,Consumer,Bill Payment,30.17,GHS,ApexMoney,POS,Eastern,,RCP0196,DEV0298,SUCCESS,,358.08,327.91,945,1,0,1,27.9
TXN000136,2026-08-10 10:08:00,CUST0161,Consumer,Merchant Payment,146.47,GHS,ApexMoney,POS,Greater Accra,MER070,RCP0135,DEV0286,SUCCESS,,2587.38,2440.91,1676,5,1,3,99.0
TXN000137,2026-08-19 16:30:00,CUST0050,Consumer,Merchant Payment,81.36,GHS,MobiLink,Web,Ashanti,MER060,RCP0020,DEV0060,FAILED,Network Timeout,991.41,991.41,736,4,1,0,61.5
TXN000138,2026-08-01 22:55:00,CUST0187,Consumer,Bill Payment,54.04,GHS,ApexMoney,Mobile App,Central,,RCP0071,DEV0408,SUCCESS,,447.51,393.47,1925,1,2,2,67.7
TXN000139,2026-08-11 18:32:00,CUST0055,Consumer,P2P Transfer,63.41,GHS,ApexMoney,POS,Greater Accra,,RCP0150,DEV0182,SUCCESS,,5427.35,5363.94,825,4,2,3,92.6
TXN000140,2026-08-14 12:55:00,CUST0082,Consumer,Cash-Out,45.3,GHS,KasaPay,Mobile App,Greater Accra,MER035,RCP0100,DEV0440,SUCCESS,,248.05,202.75,1744,3,0,1,48.0
TXN000141,2026-08-31 11:09:00,CUST0217,Microbusiness,Cash-Out,173.39,GHS,ApexMoney,Mobile App,Greater Accra,MER078,RCP0119,DEV0052,REVERSED,Settlement Failure,1180.76,1180.76,1831,5,0,0,59.2
TXN000142,2026-08-07 15:39:00,CUST0016,Consumer,P2P Transfer,24.4,GHS,ApexMoney,Mobile App,Greater Accra,,RCP0079,DEV0293,FAILED,Validation Error,156.1,156.1,958,2,1,1,47.0
TXN000143,2026-08-09 13:45:00,CUST0099,Consumer,Merchant Payment,35.01,GHS,ApexMoney,API,Ashanti,MER003,RCP0003,DEV0059,SUCCESS,,410.37,375.36,1472,15,2,2,86.5
TXN000144,2026-08-13 15:56:00,CUST0179,Microbusiness,P2P Transfer,61.59,GHS,SwiftCash,Mobile App,Greater Accra,,RCP0121,DEV0428,SUCCESS,,179.32,117.73,274,5,1,2,79.0
TXN000145,2026-08-31 18:32:00,CUST0040,Microbusiness,P2P Transfer,321.08,GHS,KasaPay,Web,Greater Accra,,RCP0116,DEV0274,SUCCESS,,597.62,276.54,1099,2,2,1,57.3
TXN000146,2026-08-27 10:55:00,CUST0089,Consumer,Merchant Payment,199.56,GHS,SwiftCash,USSD,Bono,MER006,RCP0203,DEV0035,SUCCESS,,513.87,314.31,830,3,0,3,66.3
TXN000147,2026-08-02 01:48:00,CUST0104,Consumer,P2P Transfer,20.19,GHS,SwiftCash,POS,Volta,,RCP0030,DEV0097,SUCCESS,,391.21,371.02,2100,4,2,2,80.1
TXN000148,2026-08-08 06:03:00,CUST0200,Consumer,Bank Transfer,256.89,GHS,ApexMoney,POS,Greater Accra,,RCP0126,DEV0162,SUCCESS,,1117.72,860.83,2055,2,0,2,50.7
TXN000149,2026-08-26 11:19:00,CUST0294,Consumer,Bank Transfer,256.47,GHS,MobiLink,Web,Greater Accra,,RCP0222,DEV0007,SUCCESS,,322.04,65.57,1726,5,2,3,99.0
TXN000150,2026-08-02 19:22:00,CUST0251,Microbusiness,Bank Transfer,30.03,GHS,SwiftCash,Mobile App,Ashanti,,RCP0070,DEV0004,SUCCESS,,629.63,599.6,2088,1,2,3,68.9
TXN000151,2026-08-27 12:37:00,CUST0057,Consumer,P2P Transfer,9.55,GHS,SwiftCash,Mobile App,Western,,RCP0082,DEV0417,SUCCESS,,911.8,902.25,2147,2,0,1,35.0
TXN000152,2026-08-09 17:20:00,CUST0006,Consumer,P2P Transfer,76.6,GHS,SwiftCash,USSD,Western,,RCP0023,DEV0442,SUCCESS,,162.0,85.4,1692,3,0,1,48.6
TXN000153,2026-08-29 10:43:00,CUST0016,Consumer,P2P Transfer,211.47,GHS,KasaPay,Mobile App,Greater Accra,,RCP0149,DEV0007,SUCCESS,,281.09,69.62,1312,3,1,2,67.79276472356375
TXN000154,2026-08-10 02:26:00,CUST0179,Consumer,P2P Transfer,315.0,GHS,ApexMoney,Mobile App,Greater Accra,,RCP0222,DEV0407,SUCCESS,,513.06,198.06,461,1,2,2,61.3
TXN000155,2026-08-14 11:07:00,CUST0047,Consumer,Bill Payment,38.85,GHS,KasaPay,Mobile App,Ashanti,,RCP0125,DEV0295,SUCCESS,,790.46,751.61,1796,5,0,1,70.6
TXN000156,2026-08-21 12:27:00,CUST0070,Consumer,Merchant Payment,361.11,GHS,ApexMoney,Mobile App,Northern,MER046,RCP0109,DEV0013,FAILED,Validation Error,1430.71,1430.71,439,2,0,2,41.5
TXN000157,2026-08-04 21:57:00,CUST0255,Consumer,P2P Transfer,12.26,GHS,KasaPay,Mobile App,Northern,,RCP0195,DEV0322,SUCCESS,,419.09,406.83,419,1,2,2,74.0
TXN000158,2026-08-18 06:25:00,CUST0263,Microbusiness,Bank Transfer,59.57,GHS,ApexMoney,Mobile App,Greater Accra,,RCP0115,DEV0009,SUCCESS,,388.64,329.07,1937,3,2,3,85.6
TXN000159,2026-08-16 15:43:00,CUST0252,Microbusiness,Merchant Payment,57.13,GHS,ApexMoney,Web,Eastern,MER062,RCP0104,DEV0368,SUCCESS,,256.1,198.97,265,5,0,1,66.5
TXN000160,2026-08-25 07:13:00,CUST0077,SME,P2P Transfer,216.91,GHS,MobiLink,Mobile App,Greater Accra,,RCP0198,DEV0166,SUCCESS,,631.11,414.2,325,1,2,3,65.5
TXN000161,2026-08-31 21:06:00,CUST0186,Microbusiness,P2P Transfer,245.56,GHS,SwiftCash,API,Central,,RCP0074,DEV0007,SUCCESS,,394.32,148.76,1131,3,2,0,65.9
TXN000162,2026-08-21 14:14:00,CUST0184,SME,Cash-In,183.29,GHS,KasaPay,API,Volta,MER016,RCP0221,DEV0117,SUCCESS,,401.21,584.5,1291,5,2,3,99.0
TXN000163,2026-08-13 16:26:00,CUST0056,SME,Bank Transfer,25.84,GHS,KasaPay,Mobile App,Ashanti,,RCP0070,DEV0308,SUCCESS,,459.24,433.4,114,5,0,0,52.6
TXN000164,2026-08-13 14:21:00,CUST0167,Consumer,P2P Transfer,169.56,GHS,KasaPay,POS,Greater Accra,,RCP0133,DEV0382,SUCCESS,,745.25,575.69,841,1,2,3,66.5
TXN000165,2026-08-13 22:57:00,CUST0158,Consumer,Bank Transfer,125.55,GHS,MobiLink,USSD,Eastern,,RCP0065,DEV0257,SUCCESS,,322.85,197.3,507,4,0,0,45.4
TXN000166,2026-08-26 05:37:00,CUST0099,Consumer,Bank Transfer,19.68,GHS,SwiftCash,POS,Ashanti,,RCP0003,DEV0073,SUCCESS,,276.13,256.45,674,11,0,3,82.5
TXN000167,2026-08-10 22:59:00,CUST0226,Consumer,Bank Transfer,14.06,GHS,KasaPay,Mobile App,Western,,RCP0113,DEV0406,SUCCESS,,681.16,667.1,410,4,0,3,75.0
TXN000168,2026-08-06 04:13:00,CUST0204,Microbusiness,P2P Transfer,196.82,GHS,KasaPay,Mobile App,Ashanti,,RCP0062,DEV0356,FAILED,Insufficient Funds,50.94,50.94,1495,4,1,3,83.8
TXN000169,2026-08-11 08:42:00,CUST0160,Consumer,P2P Transfer,69.89,GHS,KasaPay,Mobile App,Northern,,RCP0193,DEV0185,FAILED,Network Timeout,313.33,313.33,1048,4,2,3,89.7
TXN000170,2026-08-01 16:53:00,CUST0218,Microbusiness,Bank Transfer,27.32,GHS,SwiftCash,USSD,Greater Accra,,RCP0243,DEV0250,SUCCESS,,207.79,180.47,2111,3,0,1,43.4
TXN000171,2026-08-04 06:58:00,CUST0229,Microbusiness,Merchant Payment,68.24,GHS,MobiLink,API,Greater Accra,MER023,RCP0008,DEV0434,SUCCESS,,1214.93,1146.69,33,1,0,0,20.2
TXN000172,2026-08-03 18:59:00,CUST0171,Consumer,Cash-In,110.99,GHS,KasaPay,POS,Greater Accra,MER055,RCP0148,DEV0170,SUCCESS,,354.0,464.99,1714,4,0,3,76.8
TXN000173,2026-08-24 22:02:00,CUST0081,Consumer,Cash-Out,75.91,GHS,KasaPay,POS,Greater Accra,MER024,RCP0187,DEV0012,SUCCESS,,323.59,247.68,2002,4,0,2,69.0
TXN000174,2026-08-23 09:26:00,CUST0228,Consumer,P2P Transfer,21.78,GHS,KasaPay,API,Greater Accra,,RCP0187,DEV0066,SUCCESS,,475.1,453.32,1077,5,2,3,99.0
TXN000175,2026-08-22 14:23:00,CUST0216,Consumer,Bank Transfer,8796.78,GHS,KasaPay,POS,Eastern,,RCP0058,DEV0271,FAILED,Insufficient Funds,315.28,315.28,1543,5,0,2,90.67971476297902
TXN000176,2026-08-15 07:38:00,CUST0296,Consumer,Bill Payment,191.25,GHS,MobiLink,Mobile App,Greater Accra,,RCP0030,DEV0449,SUCCESS,,364.31,173.06,977,2,0,2,51.3
TXN000177,2026-08-23 05:29:00,CUST0045,Consumer,Cash-Out,61.25,GHS,SwiftCash,Web,Greater Accra,MER008,RCP0134,DEV0333,SUCCESS,,529.98,468.73,1315,5,0,1,63.0
TXN000178,2026-08-05 23:59:00,CUST0126,Consumer,Merchant Payment,63.38,GHS,KasaPay,Mobile App,Greater Accra,MER033,RCP0165,DEV0279,SUCCESS,,359.05,295.67,1998,1,0,1,21.5
TXN000179,2026-08-28 22:03:00,CUST0278,Consumer,Bank Transfer,110.56,GHS,KasaPay,Mobile App,Greater Accra,,RCP0075,DEV0146,FAILED,Recipient Unavailable,357.13,357.13,1173,5,2,1,82.7
TXN000180,2026-08-16 12:46:00,CUST0155,Consumer,Cash-In,31.18,GHS,KasaPay,USSD,Northern,MER059,RCP0096,DEV0198,SUCCESS,,230.99,262.17,1278,1,0,2,38.7
TXN000181,2026-08-30 01:54:00,CUST0283,Consumer,Cash-Out,107.15,GHS,ApexMoney,API,Volta,MER039,RCP0138,DEV0018,SUCCESS,,207.4,100.25,2170,4,1,2,68.8
TXN000182,2026-08-05 17:19:00,CUST0004,Consumer,Bank Transfer,26.28,GHS,KasaPay,Mobile App,Greater Accra,,RCP0117,DEV0168,SUCCESS,,515.68,489.4,1100,4,1,0,53.6
TXN000183,2026-08-16 10:00:00,CUST0011,SME,Cash-Out,76.71,GHS,SwiftCash,USSD,Central,MER018,RCP0126,DEV0281,SUCCESS,,620.14,543.43,393,4,0,0,47.8
TXN000184,2026-08-22 14:03:00,CUST0239,Consumer,P2P Transfer,30.17,GHS,SwiftCash,Mobile App,Central,,RCP0177,DEV0408,SUCCESS,,168.83,138.66,1506,5,1,0,58.2
TXN000185,2026-08-16 08:44:00,CUST0108,SME,P2P Transfer,31.49,GHS,ApexMoney,Mobile App,Bono,,RCP0255,DEV0416,SUCCESS,,871.27,839.78,1528,3,0,2,52.7
TXN000186,2026-08-14 19:56:00,CUST0157,Consumer,P2P Transfer,329.92,GHS,SwiftCash,Mobile App,Ashanti,,RCP0207,DEV0370,SUCCESS,,873.96,544.04,533,1,1,2,60.3
TXN000187,2026-08-06 03:39:00,CUST0129,Consumer,Merchant Payment,85.66,GHS,SwiftCash,POS,Greater Accra,MER074,RCP0003,DEV0010,SUCCESS,,1023.53,937.87,1607,4,0,0,37.4
TXN000188,2026-08-12 19:28:00,CUST0123,SME,Merchant Payment,97.15,GHS,ApexMoney,Web,Ashanti,MER029,RCP0091,DEV0366,SUCCESS,,617.03,519.88,154,2,1,2,57.9
TXN000189,2026-08-08 09:38:00,CUST0282,Microbusiness,Cash-In,14.74,GHS,SwiftCash,Mobile App,Northern,MER045,RCP0003,DEV0099,SUCCESS,,794.58,809.32,714,4,1,0,50.0
TXN000190,2026-08-10 08:19:00,CUST0029,Consumer,Merchant Payment,49.04,GHS,KasaPay,Mobile App,Central,MER067,RCP0227,DEV0278,SUCCESS,,2537.08,2488.04,1883,2,1,3,63.5
TXN000191,2026-08-22 04:40:00,CUST0232,Microbusiness,Bank Transfer,120.55,GHS,SwiftCash,Mobile App,Ashanti,,RCP0167,DEV0426,SUCCESS,,393.02,272.47,1364,1,0,2,39.8
TXN000192,2026-08-20 12:55:00,CUST0267,Consumer,Bank Transfer,96.06,GHS,ApexMoney,Mobile App,Greater Accra,,RCP0057,DEV0400,SUCCESS,,224.92,128.86,1341,4,2,2,79.1
TXN000193,2026-08-19 19:45:00,CUST0198,Microbusiness,P2P Transfer,13.05,GHS,ApexMoney,USSD,Central,,RCP0218,DEV0299,SUCCESS,,155.94,142.89,1371,1,0,2,44.4
TXN000194,2026-08-12 05:11:00,CUST0119,Consumer,Cash-Out,97.13,GHS,KasaPay,POS,Northern,MER051,RCP0146,DEV0135,SUCCESS,,1838.59,1741.46,375,2,0,1,48.1
TXN000195,2026-08-30 18:00:00,CUST0049,Microbusiness,Cash-Out,111.23,GHS,ApexMoney,USSD,Ashanti,MER060,RCP0014,DEV0235,PENDING,Awaiting Confirmation,1856.76,1856.76,2115,4,0,3,79.1
TXN000196,2026-08-03 17:12:00,CUST0205,SME,Cash-In,242.55,GHS,KasaPay,Mobile App,Eastern,MER012,RCP0040,DEV0317,SUCCESS,,246.3,488.85,666,5,2,2,99.0
TXN000197,2026-08-11 14:53:00,CUST0141,Microbusiness,P2P Transfer,46.67,GHS,SwiftCash,USSD,Ashanti,,RCP0210,DEV0232,SUCCESS,,285.58,238.91,1733,2,0,0,22.7
TXN000198,2026-08-04 15:47:00,CUST0045,Microbusiness,Bank Transfer,12.11,GHS,ApexMoney,Mobile App,Ashanti,,RCP0075,DEV0183,SUCCESS,,386.45,374.34,2178,2,1,3,66.5
TXN000199,2026-08-11 12:10:00,CUST0108,Consumer,Bill Payment,34.91,GHS,KasaPay,Mobile App,Ashanti,,RCP0136,DEV0182,SUCCESS,,1234.22,1199.31,541,2,2,2,71.8
TXN000200,2026-08-30 19:39:00,CUST0289,Consumer,Cash-Out,32.06,GHS,MobiLink,API,Western,MER005,RCP0232,DEV0270,SUCCESS,,187.64,155.58,1401,3,0,1,53.2
TXN000201,2026-08-12 08:30:00,CUST0080,Consumer,Bank Transfer,152.35,GHS,KasaPay,POS,Bono,,RCP0075,DEV0017,FAILED,Insufficient Funds,112.73,112.73,107,1,0,3,60.5
TXN000202,2026-08-29 03:59:00,CUST0054,Microbusiness,Bill Payment,8.09,GHS,KasaPay,Web,Ashanti,,RCP0003,DEV0450,SUCCESS,,2503.98,2495.89,1404,3,0,0,45.4
TXN000203,2026-08-16 08:19:00,CUST0205,Consumer,Merchant Payment,55.64,GHS,KasaPay,Web,Ashanti,MER033,RCP0022,DEV0046,FAILED,Network Timeout,622.83,622.83,978,5,2,2,98.4
TXN000204,2026-08-22 16:34:00,CUST0060,Consumer,Cash-In,273.67,GHS,ApexMoney,USSD,Ashanti,MER071,RCP0238,DEV0444,SUCCESS,,692.85,966.52,172,1,2,2,76.8
TXN000205,2026-08-15 04:19:00,CUST0276,Microbusiness,Merchant Payment,81.95,GHS,ApexMoney,Web,Greater Accra,MER059,RCP0156,DEV0016,SUCCESS,,422.49,340.54,1483,5,1,3,92.6
TXN000206,2026-08-09 05:48:00,CUST0258,Consumer,Bill Payment,174.49,GHS,SwiftCash,USSD,Greater Accra,,RCP0086,DEV0231,SUCCESS,,698.78,524.29,2132,3,2,2,75.3
TXN000207,2026-08-24 16:35:00,CUST0296,Microbusiness,P2P Transfer,20.18,GHS,KasaPay,Mobile App,Greater Accra,,RCP0021,DEV0188,SUCCESS,,158.28,138.1,196,4,2,3,95.1
TXN000208,2026-08-31 01:04:00,CUST0274,Microbusiness,Merchant Payment,20.87,GHS,ApexMoney,Mobile App,Ashanti,MER016,RCP0181,DEV0259,SUCCESS,,262.25,241.38,1965,4,0,1,50.5
TXN000209,2026-08-09 04:03:00,CUST0074,Consumer,Bank Transfer,276.35,GHS,ApexMoney,Mobile App,Greater Accra,,RCP0011,DEV0196,SUCCESS,,533.18,256.83,1858,5,0,3,82.4
TXN000210,2026-08-25 03:23:00,CUST0064,Consumer,P2P Transfer,88.77,GHS,MobiLink,Mobile App,Ashanti,,RCP0024,DEV0404,SUCCESS,,89.73,0.96,1211,4,0,0,36.6
TXN000211,2026-08-09 02:17:00,CUST0103,Microbusiness,Bank Transfer,88.92,GHS,ApexMoney,Mobile App,Western,,RCP0154,DEV0008,SUCCESS,,392.73,303.81,1984,5,2,3,98.8
TXN000212,2026-08-23 05:21:00,CUST0141,Consumer,Merchant Payment,31.49,GHS,SwiftCash,POS,Greater Accra,MER064,RCP0167,DEV0444,SUCCESS,,374.98,343.49,691,2,2,3,77.3
TXN000213,2026-08-25 11:01:00,CUST0264,SME,Bill Payment,88.74,GHS,KasaPay,POS,Eastern,,RCP0148,DEV0311,SUCCESS,,392.68,303.94,1588,2,2,2,74.7
TXN000214,2026-08-14 22:19:00,CUST0221,Consumer,Bank Transfer,30.75,GHS,KasaPay,USSD,Northern,,RCP0236,DEV0351,SUCCESS,,325.93,295.18,1540,4,1,0,63.7
TXN000215,2026-08-23 20:16:00,CUST0194,Consumer,Merchant Payment,223.37,GHS,ApexMoney,Mobile App,Eastern,MER067,RCP0070,DEV0007,SUCCESS,,233.48,10.11,1283,1,2,1,73.05074146907896
TXN000216,2026-08-09 10:32:00,CUST0264,Consumer,Bank Transfer,827.7,GHS,ApexMoney,POS,Greater Accra,,RCP0144,DEV0030,FAILED,Insufficient Funds,125.65,125.65,1835,1,2,0,55.5
TXN000217,2026-08-03 10:57:00,CUST0194,Microbusiness,Merchant Payment,122.9,GHS,KasaPay,Mobile App,Ashanti,MER034,RCP0080,DEV0179,SUCCESS,,549.25,426.35,1929,2,2,3,78.9
TXN000218,2026-08-03 23:42:00,CUST0114,Consumer,Cash-In,47.48,GHS,SwiftCash,Mobile App,Eastern,MER072,RCP0094,DEV0146,SUCCESS,,393.43,440.91,1732,2,2,1,61.4
TXN000219,2026-08-14 20:35:00,CUST0124,Microbusiness,Cash-Out,9.45,GHS,ApexMoney,Mobile App,Ashanti,MER002,RCP0040,DEV0353,FAILED,Insufficient Funds,175.66,175.66,1300,1,0,3,40.3
TXN000220,2026-08-28 23:32:00,CUST0156,SME,Bank Transfer,19.46,GHS,KasaPay,Mobile App,Greater Accra,,RCP0206,DEV0404,SUCCESS,,516.41,496.95,2149,4,2,3,90.3
TXN000221,2026-08-04 22:55:00,CUST0027,Consumer,P2P Transfer,305.4,GHS,KasaPay,Mobile App,Ashanti,,RCP0183,DEV0193,SUCCESS,,394.96,89.56,1228,3,2,0,65.3
TXN000222,2026-08-15 03:05:00,CUST0223,Consumer,P2P Transfer,33.96,GHS,ApexMoney,Web,Ashanti,,RCP0185,DEV0346,PENDING,Awaiting Confirmation,348.71,348.71,1406,2,0,3,59.0
TXN000223,2026-08-22 19:47:00,CUST0196,Consumer,Cash-Out,59.43,GHS,KasaPay,POS,Greater Accra,MER057,RCP0037,DEV0027,REVERSED,Duplicate Transaction,97.74,97.74,427,2,2,1,60.6
TXN000224,2026-08-07 06:33:00,CUST0220,Microbusiness,Cash-In,142.17,GHS,ApexMoney,POS,Eastern,MER073,RCP0031,DEV0335,SUCCESS,,822.28,964.45,716,5,1,0,66.4
TXN000225,2026-08-23 08:52:00,CUST0161,Consumer,Merchant Payment,287.13,GHS,KasaPay,Mobile App,Greater Accra,MER040,RCP0203,DEV0045,FAILED,Insufficient Funds,195.43,195.43,1991,5,0,1,55.3
TXN000226,2026-08-10 11:37:00,CUST0235,Microbusiness,P2P Transfer,68.74,GHS,ApexMoney,POS,Greater Accra,,RCP0173,DEV0301,SUCCESS,,516.69,447.95,1102,1,2,2,60.4
TXN000227,2026-08-26 01:38:00,CUST0285,Microbusiness,Merchant Payment,57.74,GHS,KasaPay,POS,Western,MER035,RCP0008,DEV0172,REVERSED,Settlement Failure,268.75,268.75,1132,4,0,3,82.4
TXN000228,2026-08-18 22:56:00,CUST0171,Consumer,Bank Transfer,86.56,GHS,ApexMoney,Mobile App,Greater Accra,,RCP0173,DEV0187,SUCCESS,,368.14,281.58,1798,2,1,2,65.5
TXN000229,2026-08-17 22:53:00,CUST0134,Consumer,P2P Transfer,47.78,GHS,KasaPay,USSD,Eastern,,RCP0254,DEV0125,SUCCESS,,1169.37,1121.59,727,2,2,0,50.2
TXN000230,2026-08-06 11:31:00,CUST0032,SME,Merchant Payment,50.01,GHS,KasaPay,USSD,Ashanti,MER045,RCP0195,DEV0182,SUCCESS,,734.15,684.14,594,3,0,1,57.4
TXN000231,2026-08-15 08:37:00,CUST0234,Microbusiness,Bill Payment,115.6,GHS,MobiLink,USSD,Greater Accra,,RCP0072,DEV0394,REVERSED,Network Timeout,1150.01,1150.01,34,5,0,1,56.4
TXN000232,2026-08-27 13:19:00,CUST0272,Microbusiness,P2P Transfer,95.34,GHS,KasaPay,Mobile App,Volta,,RCP0082,DEV0365,SUCCESS,,631.31,535.97,520,3,2,2,71.2
TXN000233,2026-08-01 14:31:00,CUST0210,Consumer,Cash-Out,498.63,GHS,SwiftCash,USSD,Ashanti,MER070,RCP0195,DEV0154,SUCCESS,,663.22,164.59,1133,5,2,2,99.0
TXN000234,2026-08-24 12:20:00,CUST0260,Consumer,P2P Transfer,118.28,GHS,ApexMoney,Mobile App,Greater Accra,,RCP0104,DEV0133,SUCCESS,,129.56,11.28,1598,5,1,0,68.5
TXN000235,2026-08-16 06:36:00,CUST0259,Consumer,Bank Transfer,216.69,GHS,KasaPay,Mobile App,Northern,,RCP0191,DEV0230,SUCCESS,,388.33,171.64,734,4,1,0,55.3
TXN000236,2026-08-23 07:16:00,CUST0240,SME,Cash-Out,32.77,GHS,ApexMoney,Mobile App,Central,MER061,RCP0249,DEV0309,SUCCESS,,416.26,383.49,986,4,2,0,66.7
TXN000237,2026-08-21 13:29:00,CUST0151,Consumer,Bank Transfer,127.28,GHS,KasaPay,API,Central,,RCP0106,DEV0083,SUCCESS,,1233.67,1106.39,499,4,2,3,89.2
TXN000238,2026-08-14 09:28:00,CUST0030,Microbusiness,P2P Transfer,44.06,GHS,SwiftCash,Mobile App,Greater Accra,,RCP0149,DEV0327,SUCCESS,,337.08,293.02,1799,2,2,2,70.7
TXN000239,2026-08-10 13:38:00,CUST0001,Consumer,Cash-In,113.99,GHS,SwiftCash,Mobile App,Greater Accra,MER025,RCP0127,DEV0427,SUCCESS,,601.03,715.02,1161,5,0,1,65.2
TXN000240,2026-08-20 10:43:00,CUST0099,Microbusiness,Bank Transfer,146.24,GHS,KasaPay,Mobile App,Eastern,,RCP0003,DEV0381,SUCCESS,,583.66,437.42,328,17,1,3,83.8
TXN000241,2026-08-05 08:19:00,CUST0130,Consumer,P2P Transfer,84.98,GHS,SwiftCash,Web,Greater Accra,,RCP0020,DEV0247,SUCCESS,,1174.1,1089.12,1346,4,2,0,60.0
TXN000242,2026-08-19 02:34:00,CUST0224,Microbusiness,P2P Transfer,630.32,GHS,ApexMoney,USSD,Greater Accra,,RCP0256,DEV0144,FAILED,Insufficient Funds,445.72,445.72,748,4,0,0,48.6
TXN000243,2026-08-03 22:27:00,CUST0137,Consumer,P2P Transfer,274.18,GHS,ApexMoney,Web,Western,,RCP0141,DEV0146,SUCCESS,,916.75,642.57,1905,5,1,1,70.8
TXN000244,2026-08-21 03:29:00,CUST0007,Microbusiness,Bill Payment,221.55,GHS,SwiftCash,Mobile App,Greater Accra,,RCP0060,DEV0334,REVERSED,Duplicate Transaction,137.19,137.19,600,1,0,0,17.1
TXN000245,2026-08-20 11:47:00,CUST0064,Consumer,Cash-Out,155.97,GHS,ApexMoney,Mobile App,Greater Accra,MER022,RCP0149,DEV0205,FAILED,Insufficient Funds,146.86,146.86,1904,1,2,3,77.6
TXN000246,2026-08-03 14:49:00,CUST0294,Consumer,Cash-In,364.62,GHS,ApexMoney,USSD,Greater Accra,MER017,RCP0104,DEV0048,REVERSED,Network Timeout,88.9,88.9,1539,5,2,3,99.0
TXN000247,2026-08-24 11:34:00,CUST0297,Consumer,Cash-Out,24.01,GHS,MobiLink,Mobile App,Ashanti,MER072,RCP0213,DEV0305,SUCCESS,,888.46,864.45,310,3,0,2,68.7
TXN000248,2026-08-13 21:21:00,CUST0114,Consumer,Cash-In,11751.48,GHS,MobiLink,POS,Eastern,MER033,RCP0197,DEV0063,SUCCESS,,816.68,1077.74,1674,4,1,3,90.06061267389438
TXN000249,2026-08-25 09:26:00,CUST0242,Consumer,Merchant Payment,35.07,GHS,KasaPay,Web,Northern,MER021,RCP0099,DEV0445,SUCCESS,,965.48,930.41,1589,3,0,1,46.4
TXN000250,2026-08-02 06:57:00,CUST0216,Consumer,Merchant Payment,50.42,GHS,KasaPay,USSD,Greater Accra,MER051,RCP0185,DEV0188,SUCCESS,,296.48,246.06,1011,3,2,0,58.6
TXN000251,2026-08-06 13:30:00,CUST0280,Consumer,Cash-In,131.26,GHS,SwiftCash,API,Greater Accra,MER044,RCP0009,DEV0154,SUCCESS,,322.9,454.16,366,1,0,1,34.4
TXN000252,2026-08-16 07:31:00,CUST0267,Consumer,P2P Transfer,232.35,GHS,ApexMoney,USSD,Ashanti,,RCP0251,DEV0025,SUCCESS,,449.99,217.64,1059,2,1,0,38.5
TXN000253,2026-08-06 20:02:00,CUST0189,Consumer,Bank Transfer,30.55,GHS,KasaPay,Mobile App,Ashanti,,RCP0133,DEV0076,SUCCESS,,1455.02,1424.47,1344,1,0,3,57.9
TXN000254,2026-08-11 05:25:00,CUST0119,Microbusiness,Bank Transfer,52.69,GHS,KasaPay,USSD,Ashanti,,RCP0170,DEV0427,SUCCESS,,1755.26,1702.57,303,3,0,2,44.8
TXN000255,2026-08-21 11:29:00,CUST0188,Consumer,Merchant Payment,88.49,GHS,MobiLink,Mobile App,Volta,MER016,RCP0168,DEV0242,SUCCESS,,893.69,805.2,760,1,2,3,68.2
TXN000256,2026-08-05 11:31:00,CUST0096,Consumer,Cash-In,69.52,GHS,MobiLink,POS,Ashanti,MER067,RCP0082,DEV0406,SUCCESS,,631.61,701.13,1548,5,1,1,78.8
TXN000257,2026-08-22 00:12:00,CUST0105,Microbusiness,P2P Transfer,10017.81,GHS,SwiftCash,Mobile App,Ashanti,,RCP0179,DEV0431,SUCCESS,,1341.49,1173.16,1223,2,0,2,68.75192197512446
TXN000258,2026-08-04 04:55:00,CUST0183,Consumer,Bill Payment,1511.02,GHS,ApexMoney,Mobile App,Bono,,RCP0103,DEV0023,FAILED,Service Unavailable,406.72,406.72,2183,4,2,1,74.6
TXN000259,2026-08-06 10:20:00,CUST0172,Consumer,Bank Transfer,116.33,GHS,KasaPay,USSD,Greater Accra,,RCP0177,DEV0172,SUCCESS,,367.53,251.2,488,1,0,1,35.6
TXN000260,2026-08-19 05:12:00,CUST0175,SME,Bill Payment,43.6,GHS,ApexMoney,Mobile App,Volta,,RCP0024,DEV0007,SUCCESS,,447.3,403.7,1714,1,1,2,72.18002624673386
TXN000261,2026-08-25 14:21:00,CUST0116,Microbusiness,Merchant Payment,27.06,GHS,MobiLink,Mobile App,Ashanti,MER054,RCP0038,DEV0224,SUCCESS,,236.5,209.44,944,3,2,3,78.2
TXN000262,2026-08-06 06:55:00,CUST0123,Consumer,P2P Transfer,61.78,GHS,ApexMoney,POS,Ashanti,,RCP0240,DEV0229,PENDING,Awaiting Confirmation,432.14,432.14,502,4,2,2,76.8
TXN000263,2026-08-10 07:11:00,CUST0004,Consumer,P2P Transfer,36.63,GHS,ApexMoney,Mobile App,Volta,,RCP0191,DEV0257,SUCCESS,,213.14,176.51,2093,5,0,2,67.3
TXN000264,2026-08-29 16:17:00,CUST0181,Microbusiness,P2P Transfer,121.2,GHS,SwiftCash,USSD,Ashanti,,RCP0034,DEV0316,SUCCESS,,1062.9,941.7,1376,3,0,2,47.8
TXN000265,2026-08-31 16:19:00,CUST0173,Microbusiness,P2P Transfer,119.61,GHS,KasaPay,Mobile App,Ashanti,,RCP0056,DEV0423,SUCCESS,,740.83,621.22,1184,4,0,1,47.2
TXN000266,2026-08-19 00:18:00,CUST0281,Consumer,P2P Transfer,54.94,GHS,SwiftCash,Mobile App,Greater Accra,,RCP0142,DEV0400,SUCCESS,,1439.67,1384.73,659,4,1,3,78.2
TXN000267,2026-08-14 20:35:00,CUST0152,Consumer,Bill Payment,440.19,GHS,ApexMoney,Mobile App,Eastern,,RCP0002,DEV0282,FAILED,Insufficient Funds,145.19,145.19,1940,4,2,3,99.0
TXN000268,2026-08-11 18:04:00,CUST0141,Microbusiness,P2P Transfer,43.59,GHS,SwiftCash,POS,Eastern,,RCP0104,DEV0260,SUCCESS,,2051.39,2007.8,80,4,1,1,64.1
TXN000269,2026-08-19 23:39:00,CUST0021,Microbusiness,P2P Transfer,73.59,GHS,ApexMoney,API,Greater Accra,,RCP0085,DEV0163,SUCCESS,,151.51,77.92,266,1,1,3,60.2
TXN000270,2026-08-19 07:38:00,CUST0060,Consumer,Bank Transfer,140.23,GHS,ApexMoney,Mobile App,Central,,RCP0035,DEV0053,SUCCESS,,200.59,60.36,407,3,0,1,42.3
TXN000271,2026-08-10 03:17:00,CUST0102,Consumer,Cash-In,173.86,GHS,KasaPay,API,Eastern,MER028,RCP0078,DEV0320,FAILED,Insufficient Funds,309.32,309.32,1441,5,2,2,96.8
TXN000272,2026-08-01 16:57:00,CUST0114,Consumer,Bank Transfer,241.28,GHS,ApexMoney,USSD,Ashanti,,RCP0076,DEV0002,SUCCESS,,1313.95,1072.67,239,3,1,2,78.3
TXN000273,2026-08-05 16:42:00,CUST0109,Consumer,Cash-In,117.24,GHS,KasaPay,USSD,Greater Accra,MER011,RCP0018,DEV0315,SUCCESS,,583.58,700.82,1756,1,1,3,54.7
TXN000274,2026-08-30 17:10:00,CUST0099,Consumer,Bank Transfer,198.99,GHS,ApexMoney,POS,Ashanti,,RCP0003,DEV0224,SUCCESS,,410.4,211.41,443,9,0,3,79.4
TXN000275,2026-08-13 23:06:00,CUST0231,Consumer,Cash-In,46.28,GHS,ApexMoney,POS,Greater Accra,MER025,RCP0071,DEV0354,SUCCESS,,271.93,318.21,1493,2,0,1,42.2
TXN000276,2026-08-15 22:50:00,CUST0040,Consumer,Cash-In,177.75,GHS,SwiftCash,Web,Greater Accra,MER047,RCP0009,DEV0428,SUCCESS,,175.57,353.32,1753,3,0,2,57.1
TXN000277,2026-08-15 11:31:00,CUST0100,Consumer,Cash-Out,175.74,GHS,ApexMoney,USSD,Ashanti,MER046,RCP0006,DEV0249,SUCCESS,,1152.25,976.51,1934,3,1,2,69.4
TXN000278,2026-08-25 06:21:00,CUST0049,Microbusiness,Merchant Payment,294.7,GHS,SwiftCash,USSD,Greater Accra,MER035,RCP0251,DEV0258,SUCCESS,,896.93,602.23,654,4,2,3,96.3
TXN000279,2026-08-03 00:19:00,CUST0093,Microbusiness,Merchant Payment,19.72,GHS,SwiftCash,Mobile App,Greater Accra,MER047,RCP0031,DEV0220,SUCCESS,,1358.77,1339.05,178,5,2,0,86.1
TXN000280,2026-08-03 13:33:00,CUST0206,Microbusiness,Merchant Payment,37.67,GHS,ApexMoney,Mobile App,Eastern,MER046,RCP0236,DEV0168,SUCCESS,,663.56,625.89,1669,4,1,2,78.1
TXN000281,2026-08-09 13:13:00,CUST0015,SME,P2P Transfer,163.97,GHS,SwiftCash,POS,Greater Accra,,RCP0044,DEV0040,FAILED,Insufficient Funds,67.93,67.93,995,5,1,2,86.2
TXN000282,2026-08-16 02:04:00,CUST0102,SME,Bank Transfer,8.55,GHS,ApexMoney,Mobile App,Bono,,RCP0022,DEV0014,SUCCESS,,193.75,185.2,2088,1,1,1,39.5
TXN000283,2026-08-21 19:18:00,CUST0008,Consumer,P2P Transfer,123.74,GHS,KasaPay,Mobile App,Volta,,RCP0142,DEV0326,SUCCESS,,698.3,574.56,426,4,2,1,81.0
TXN000284,2026-08-16 05:05:00,CUST0287,Consumer,P2P Transfer,200.5,GHS,ApexMoney,Mobile App,Eastern,,RCP0225,DEV0412,SUCCESS,,373.42,172.92,1269,3,0,2,51.3
TXN000285,2026-08-14 16:13:00,CUST0219,Microbusiness,P2P Transfer,49.9,GHS,SwiftCash,Mobile App,Bono,,RCP0019,DEV0025,SUCCESS,,324.04,274.14,275,4,1,1,66.7
TXN000286,2026-08-30 01:44:00,CUST0099,Consumer,Bank Transfer,56.51,GHS,KasaPay,USSD,Northern,,RCP0086,DEV0148,SUCCESS,,215.42,158.91,1075,10,2,0,81.2
TXN000287,2026-08-05 23:47:00,CUST0060,Consumer,Merchant Payment,32.69,GHS,KasaPay,USSD,Greater Accra,MER006,RCP0195,DEV0274,SUCCESS,,1002.94,970.25,17,3,1,3,61.0
TXN000288,2026-08-18 17:21:00,CUST0030,SME,Cash-Out,52.28,GHS,MobiLink,USSD,Central,MER057,RCP0018,DEV0318,SUCCESS,,693.77,641.49,1654,1,1,1,43.4
TXN000289,2026-08-17 19:25:00,CUST0142,Consumer,Bank Transfer,53.59,GHS,ApexMoney,Mobile App,Greater Accra,,RCP0044,DEV0331,FAILED,Recipient Unavailable,717.59,717.59,1336,4,2,0,68.6
TXN000290,2026-08-15 16:16:00,CUST0227,SME,P2P Transfer,45.59,GHS,MobiLink,USSD,Central,,RCP0080,DEV0313,SUCCESS,,306.37,260.78,227,2,0,0,29.6
TXN000291,2026-08-26 00:51:00,CUST0176,Consumer,Cash-Out,43.51,GHS,SwiftCash,Mobile App,Ashanti,MER001,RCP0209,DEV0038,SUCCESS,,562.4,518.89,1106,1,0,3,48.8
TXN000292,2026-08-09 06:37:00,CUST0265,Consumer,Merchant Payment,64.69,GHS,MobiLink,POS,Greater Accra,MER044,RCP0210,DEV0115,SUCCESS,,180.67,115.98,950,1,2,1,52.5
TXN000293,2026-08-30 13:36:00,CUST0104,Microbusiness,P2P Transfer,64.03,GHS,MobiLink,USSD,Greater Accra,,RCP0184,DEV0212,SUCCESS,,447.03,383.0,1486,2,1,1,48.5
TXN000294,2026-08-11 06:41:00,CUST0084,Microbusiness,Cash-Out,400.62,GHS,MobiLink,USSD,Volta,MER044,RCP0173,DEV0029,FAILED,Insufficient Funds,74.0,74.0,1104,5,0,1,65.3
TXN000295,2026-08-17 21:29:00,CUST0144,Consumer,Bank Transfer,58.26,GHS,ApexMoney,USSD,Greater Accra,,RCP0007,DEV0155,SUCCESS,,152.0,93.74,1017,5,0,0,52.1
TXN000296,2026-08-17 03:22:00,CUST0061,Consumer,P2P Transfer,109.13,GHS,SwiftCash,API,Greater Accra,,RCP0062,DEV0174,SUCCESS,,386.94,277.81,1830,1,2,2,73.1
TXN000297,2026-08-27 08:14:00,CUST0293,Consumer,Cash-In,49.88,GHS,SwiftCash,POS,Greater Accra,MER070,RCP0239,DEV0441,SUCCESS,,2925.85,2975.73,1149,5,2,0,73.5
TXN000298,2026-08-14 14:33:00,CUST0056,Consumer,P2P Transfer,49.35,GHS,SwiftCash,USSD,Ashanti,,RCP0187,DEV0143,SUCCESS,,127.67,78.32,1794,3,0,3,69.4
TXN000299,2026-08-09 19:42:00,CUST0144,Consumer,Cash-In,19.13,GHS,ApexMoney,USSD,Western,MER071,RCP0063,DEV0438,SUCCESS,,193.89,213.02,1949,2,1,1,46.0
TXN000300,2026-08-01 16:04:00,CUST0157,Consumer,Cash-In,21.42,GHS,MobiLink,Mobile App,Central,MER064,RCP0184,DEV0316,REVERSED,Network Timeout,579.74,579.74,1868,5,1,0,70.6
TXN000301,2026-08-12 06:34:00,CUST0018,Consumer,Cash-In,29.2,GHS,ApexMoney,API,Ashanti,MER035,RCP0188,DEV0312,SUCCESS,,1857.65,1886.85,2102,2,0,1,44.4
TXN000302,2026-08-26 14:45:00,CUST0141,Consumer,Cash-In,95.22,GHS,KasaPay,Mobile App,Greater Accra,MER041,RCP0193,DEV0369,SUCCESS,,573.43,668.65,1539,1,0,0,25.5
TXN000303,2026-08-01 07:22:00,CUST0137,Consumer,P2P Transfer,203.31,GHS,KasaPay,Mobile App,Greater Accra,,RCP0254,DEV0380,SUCCESS,,834.31,631.0,1242,2,0,1,33.8
TXN000304,2026-08-28 18:44:00,CUST0078,Consumer,Cash-Out,17.84,GHS,ApexMoney,API,Ashanti,MER014,RCP0141,DEV0101,SUCCESS,,382.53,364.69,1174,1,2,0,38.5
TXN000305,2026-08-17 19:51:00,CUST0039,Consumer,Cash-Out,51.07,GHS,SwiftCash,POS,Western,MER055,RCP0016,DEV0190,SUCCESS,,335.97,284.9,461,3,2,2,87.1
TXN000306,2026-08-05 08:20:00,CUST0014,Consumer,Cash-Out,25.49,GHS,ApexMoney,Mobile App,Central,MER048,RCP0213,DEV0238,FAILED,Invalid PIN,524.08,524.08,1823,1,2,3,65.4
TXN000307,2026-08-10 08:49:00,CUST0003,SME,P2P Transfer,65.06,GHS,SwiftCash,Mobile App,Ashanti,,RCP0004,DEV0440,FAILED,Recipient Unavailable,300.75,300.75,1529,2,0,1,43.8
TXN000308,2026-08-18 04:12:00,CUST0145,SME,Merchant Payment,203.24,GHS,MobiLink,Mobile App,Eastern,MER067,RCP0167,DEV0019,SUCCESS,,848.27,645.03,1923,2,2,0,45.3
TXN000309,2026-08-10 18:52:00,CUST0027,Microbusiness,Merchant Payment,55.71,GHS,KasaPay,USSD,Ashanti,MER055,RCP0207,DEV0215,SUCCESS,,147.72,92.01,1547,4,0,0,53.1
TXN000310,2026-08-04 08:46:00,CUST0288,Consumer,P2P Transfer,78.23,GHS,SwiftCash,Mobile App,Eastern,,RCP0033,DEV0097,SUCCESS,,960.53,882.3,1064,5,2,3,97.9
TXN000311,2026-08-21 15:29:00,CUST0074,Microbusiness,P2P Transfer,280.6,GHS,ApexMoney,API,Ashanti,,RCP0207,DEV0094,SUCCESS,,507.49,226.89,660,1,0,1,26.2
TXN000312,2026-08-21 20:08:00,CUST0196,Consumer,Merchant Payment,120.21,GHS,MobiLink,API,Central,MER067,RCP0210,DEV0343,SUCCESS,,419.46,299.25,2168,4,0,1,51.7
TXN000313,2026-08-04 16:26:00,CUST0203,Consumer,Cash-Out,42.69,GHS,MobiLink,USSD,Ashanti,MER024,RCP0170,DEV0091,SUCCESS,,143.7,101.01,1617,1,1,0,29.7
TXN000314,2026-08-09 17:14:00,CUST0149,Microbusiness,P2P Transfer,93.23,GHS,ApexMoney,USSD,Volta,,RCP0084,DEV0358,SUCCESS,,236.31,143.08,1926,5,2,2,95.4
TXN000315,2026-08-08 13:26:00,CUST0266,Consumer,Bank Transfer,40.31,GHS,SwiftCash,Mobile App,Ashanti,,RCP0053,DEV0448,SUCCESS,,1210.74,1170.43,1293,2,0,0,31.4
TXN000316,2026-08-21 10:36:00,CUST0034,SME,Cash-In,116.44,GHS,KasaPay,Mobile App,Greater Accra,MER058,RCP0183,DEV0350,SUCCESS,,421.39,537.83,1130,5,1,3,85.4
TXN000317,2026-08-23 15:20:00,CUST0071,Microbusiness,Cash-Out,126.22,GHS,KasaPay,POS,Greater Accra,MER070,RCP0041,DEV0077,SUCCESS,,607.16,480.94,89,4,2,0,66.8
TXN000318,2026-08-23 12:53:00,CUST0076,Consumer,Merchant Payment,25.48,GHS,SwiftCash,Mobile App,Ashanti,MER071,RCP0175,DEV0065,FAILED,Recipient Unavailable,254.77,254.77,166,2,1,0,34.1
TXN000319,2026-08-30 02:26:00,CUST0041,Consumer,Merchant Payment,94.53,GHS,KasaPay,Mobile App,Ashanti,MER055,RCP0044,DEV0197,SUCCESS,,482.13,387.6,1559,2,2,2,72.9
TXN000320,2026-08-24 19:52:00,CUST0089,Microbusiness,Cash-In,73.7,GHS,KasaPay,Mobile App,Ashanti,MER055,RCP0088,DEV0248,SUCCESS,,176.07,249.77,505,2,1,1,55.0
TXN000321,2026-08-10 22:35:00,CUST0094,Consumer,Bill Payment,129.41,GHS,ApexMoney,Mobile App,Central,,RCP0132,DEV0351,SUCCESS,,531.08,401.67,194,3,0,2,56.9
TXN000322,2026-08-04 08:09:00,CUST0230,Consumer,Merchant Payment,165.12,GHS,KasaPay,USSD,Greater Accra,MER055,RCP0042,DEV0191,SUCCESS,,650.66,485.54,1711,3,0,0,40.6
TXN000323,2026-08-20 01:17:00,CUST0091,Consumer,Cash-In,122.22,GHS,MobiLink,POS,Eastern,MER012,RCP0206,DEV0076,SUCCESS,,626.7,748.92,1370,4,1,3,94.5
TXN000324,2026-08-29 09:30:00,CUST0264,SME,Cash-In,62.95,GHS,ApexMoney,POS,Central,MER041,RCP0180,DEV0447,SUCCESS,,250.21,313.16,257,3,0,1,47.1
TXN000325,2026-08-31 05:30:00,CUST0232,Consumer,Cash-Out,180.07,GHS,KasaPay,USSD,Ashanti,MER029,RCP0005,DEV0408,SUCCESS,,381.25,201.18,1107,4,0,3,68.3
TXN000326,2026-08-08 03:16:00,CUST0271,SME,P2P Transfer,38.78,GHS,ApexMoney,Web,Ashanti,,RCP0220,DEV0295,SUCCESS,,737.23,698.45,1041,3,2,3,89.5
TXN000327,2026-08-08 07:55:00,CUST0032,Microbusiness,Merchant Payment,26.51,GHS,MobiLink,USSD,Greater Accra,MER051,RCP0186,DEV0313,SUCCESS,,420.49,393.98,23,2,0,2,42.2
TXN000328,2026-08-02 03:50:00,CUST0296,Consumer,Merchant Payment,5.39,GHS,KasaPay,Web,Ashanti,MER024,RCP0218,DEV0421,SUCCESS,,397.23,391.84,1336,2,0,1,38.7
TXN000329,2026-08-05 09:05:00,CUST0185,Consumer,Bill Payment,76.74,GHS,KasaPay,USSD,Western,,RCP0156,DEV0214,REVERSED,Settlement Failure,2054.12,2054.12,881,4,1,1,62.4
TXN000330,2026-08-18 04:48:00,CUST0295,Microbusiness,Merchant Payment,40.52,GHS,ApexMoney,Mobile App,Northern,MER008,RCP0163,DEV0066,SUCCESS,,241.47,200.95,1934,1,1,2,46.8
TXN000331,2026-08-17 22:49:00,CUST0107,Consumer,Merchant Payment,114.22,GHS,KasaPay,API,Eastern,MER024,RCP0100,DEV0273,SUCCESS,,1108.0,993.78,267,2,0,0,29.5
TXN000332,2026-08-12 11:57:00,CUST0286,Consumer,Bill Payment,15.25,GHS,MobiLink,Mobile App,Greater Accra,,RCP0059,DEV0203,SUCCESS,,207.26,192.01,1865,2,0,0,36.4
TXN000333,2026-08-10 14:36:00,CUST0177,Consumer,Merchant Payment,46.99,GHS,KasaPay,Mobile App,Central,MER053,RCP0061,DEV0360,SUCCESS,,805.2,758.21,29,4,2,2,91.6
TXN000334,2026-08-26 17:21:00,CUST0022,Microbusiness,P2P Transfer,121.48,GHS,KasaPay,Mobile App,Central,,RCP0082,DEV0348,SUCCESS,,838.08,716.6,1684,1,1,0,38.6
TXN000335,2026-08-15 06:15:00,CUST0124,Microbusiness,P2P Transfer,33.94,GHS,SwiftCash,Mobile App,Greater Accra,,RCP0076,DEV0213,SUCCESS,,336.04,302.1,1724,3,1,1,60.0
TXN000336,2026-08-26 01:20:00,CUST0042,Consumer,P2P Transfer,115.34,GHS,KasaPay,Mobile App,Western,,RCP0196,DEV0166,SUCCESS,,197.73,82.39,905,4,0,2,63.5
TXN000337,2026-08-30 20:37:00,CUST0283,Consumer,P2P Transfer,50.73,GHS,KasaPay,USSD,Greater Accra,,RCP0136,DEV0190,FAILED,Validation Error,112.41,112.41,628,5,0,1,49.9
TXN000338,2026-08-10 19:57:00,CUST0092,Consumer,Merchant Payment,79.21,GHS,ApexMoney,Web,Greater Accra,MER027,RCP0107,DEV0285,SUCCESS,,310.65,231.44,325,3,0,3,68.2
TXN000339,2026-08-07 06:50:00,CUST0067,Microbusiness,Cash-Out,135.08,GHS,ApexMoney,Mobile App,Greater Accra,MER005,RCP0188,DEV0287,SUCCESS,,731.18,596.1,757,5,2,3,88.3
TXN000340,2026-08-30 12:57:00,CUST0166,Consumer,Cash-Out,183.07,GHS,SwiftCash,USSD,Greater Accra,MER008,RCP0190,DEV0231,SUCCESS,,219.59,36.52,1478,4,2,0,55.5
TXN000341,2026-08-20 16:18:00,CUST0128,SME,P2P Transfer,88.11,GHS,MobiLink,Mobile App,Northern,,RCP0243,DEV0240,FAILED,Invalid PIN,529.91,529.91,1598,4,1,0,56.0
TXN000342,2026-08-10 00:26:00,CUST0030,Microbusiness,Cash-In,40.78,GHS,MobiLink,Web,Ashanti,MER023,RCP0081,DEV0447,SUCCESS,,162.83,203.61,411,2,2,3,79.6
TXN000343,2026-08-20 06:39:00,CUST0245,Consumer,P2P Transfer,55.18,GHS,MobiLink,Mobile App,Greater Accra,,RCP0064,DEV0115,SUCCESS,,413.47,358.29,39,5,0,0,52.3
TXN000344,2026-08-16 23:12:00,CUST0254,Microbusiness,Bill Payment,139.97,GHS,KasaPay,Mobile App,Ashanti,,RCP0002,DEV0079,SUCCESS,,208.45,68.48,1241,2,2,1,69.2
TXN000345,2026-08-29 01:42:00,CUST0223,Microbusiness,P2P Transfer,34.19,GHS,ApexMoney,USSD,Ashanti,,RCP0042,DEV0360,SUCCESS,,464.76,430.57,1284,1,1,3,62.8
TXN000346,2026-08-08 22:26:00,CUST0186,Consumer,Cash-In,70.01,GHS,SwiftCash,POS,Greater Accra,MER053,RCP0157,DEV0421,SUCCESS,,338.39,408.4,2157,1,1,2,49.5
TXN000347,2026-08-31 17:35:00,CUST0121,Consumer,Merchant Payment,58.67,GHS,MobiLink,POS,Greater Accra,MER053,RCP0210,DEV0274,SUCCESS,,201.79,143.12,1678,4,2,1,84.3
TXN000348,2026-08-30 00:24:00,CUST0163,SME,Cash-In,74.6,GHS,SwiftCash,USSD,Eastern,MER078,RCP0156,DEV0181,SUCCESS,,300.62,375.22,1217,4,0,0,56.4
TXN000349,2026-08-06 14:26:00,CUST0157,Consumer,Merchant Payment,34.54,GHS,KasaPay,POS,Greater Accra,MER012,RCP0257,DEV0157,SUCCESS,,244.54,210.0,1308,1,1,1,45.1
TXN000350,2026-08-06 02:28:00,CUST0050,Microbusiness,Cash-Out,16.88,GHS,SwiftCash,Mobile App,Western,MER028,RCP0163,DEV0211,SUCCESS,,183.93,167.05,1425,5,0,2,68.3
TXN000351,2026-08-17 12:40:00,CUST0025,Consumer,P2P Transfer,126.8,GHS,SwiftCash,Mobile App,Greater Accra,,RCP0229,DEV0024,SUCCESS,,1109.94,983.14,1002,2,1,0,37.7
TXN000352,2026-08-02 09:24:00,CUST0076,Consumer,Bank Transfer,184.84,GHS,MobiLink,Mobile App,Central,,RCP0070,DEV0238,SUCCESS,,376.11,191.27,1495,4,0,2,56.3
TXN000353,2026-08-10 06:18:00,CUST0137,SME,Merchant Payment,17.75,GHS,SwiftCash,Mobile App,Western,MER043,RCP0084,DEV0122,PENDING,Awaiting Confirmation,94.47,94.47,442,3,1,1,57.7
TXN000354,2026-08-14 11:42:00,CUST0049,Consumer,Cash-Out,111.45,GHS,KasaPay,Mobile App,Greater Accra,MER064,RCP0211,DEV0120,SUCCESS,,308.75,197.3,1829,3,2,1,61.7
TXN000355,2026-08-31 01:12:00,CUST0033,Consumer,Bank Transfer,204.53,GHS,ApexMoney,USSD,Greater Accra,,RCP0172,DEV0253,FAILED,Validation Error,978.51,978.51,1897,4,0,3,72.0
TXN000356,2026-08-31 18:19:00,CUST0256,Microbusiness,Bill Payment,135.17,GHS,KasaPay,Mobile App,Volta,,RCP0127,DEV0007,SUCCESS,,278.38,143.21,965,5,0,3,89.12354453577206
TXN000357,2026-08-05 16:44:00,CUST0113,Consumer,P2P Transfer,57.16,GHS,ApexMoney,USSD,Ashanti,,RCP0248,DEV0093,SUCCESS,,1515.21,1458.05,1012,4,0,2,53.1
TXN000358,2026-08-28 15:24:00,CUST0176,Microbusiness,P2P Transfer,36.53,GHS,MobiLink,USSD,Eastern,,RCP0198,DEV0411,SUCCESS,,259.17,222.64,1102,5,2,2,85.4
TXN000359,2026-08-03 19:39:00,CUST0158,SME,P2P Transfer,87.25,GHS,KasaPay,POS,Greater Accra,,RCP0077,DEV0234,SUCCESS,,718.78,631.53,1800,5,1,1,71.0
TXN000360,2026-08-24 04:57:00,CUST0221,Consumer,P2P Transfer,100.55,GHS,KasaPay,POS,Greater Accra,,RCP0159,DEV0438,SUCCESS,,1072.21,971.66,399,2,2,0,50.7
TXN000361,2026-08-27 05:09:00,CUST0222,Consumer,Cash-In,88.36,GHS,KasaPay,Mobile App,Ashanti,MER015,RCP0103,DEV0172,SUCCESS,,690.66,779.02,761,3,2,1,65.0
TXN000362,2026-08-28 14:44:00,CUST0089,SME,Bill Payment,69.89,GHS,SwiftCash,Mobile App,Northern,,RCP0108,DEV0449,REVERSED,Duplicate Transaction,175.76,175.76,1358,1,0,0,21.4
TXN000363,2026-08-07 22:13:00,CUST0255,SME,Bill Payment,32.45,GHS,KasaPay,USSD,Greater Accra,,RCP0209,DEV0297,SUCCESS,,243.02,210.57,1530,5,2,1,79.8
TXN000364,2026-08-28 16:43:00,CUST0112,Consumer,Cash-In,116.66,GHS,ApexMoney,USSD,Western,MER003,RCP0177,DEV0302,FAILED,Insufficient Funds,1185.07,1185.07,661,5,0,1,55.3
TXN000365,2026-08-04 14:17:00,CUST0251,Microbusiness,Cash-In,121.54,GHS,MobiLink,Mobile App,Eastern,MER037,RCP0004,DEV0254,SUCCESS,,269.49,391.03,271,5,0,2,69.8
TXN000366,2026-08-17 02:01:00,CUST0122,Consumer,Bank Transfer,96.61,GHS,KasaPay,Mobile App,Greater Accra,,RCP0149,DEV0204,SUCCESS,,1024.29,927.68,1124,4,2,1,74.7
TXN000367,2026-08-15 13:20:00,CUST0034,Consumer,Bill Payment,89.51,GHS,KasaPay,POS,Greater Accra,,RCP0168,DEV0237,SUCCESS,,356.84,267.33,1410,5,1,1,72.1
TXN000368,2026-08-10 19:03:00,CUST0229,Consumer,P2P Transfer,339.46,GHS,ApexMoney,USSD,Greater Accra,,RCP0133,DEV0383,SUCCESS,,547.89,208.43,1689,4,2,2,85.7
TXN000369,2026-08-01 16:27:00,CUST0010,Consumer,Cash-In,47.91,GHS,KasaPay,Mobile App,Ashanti,MER069,RCP0078,DEV0357,SUCCESS,,174.24,222.15,21,2,0,0,33.5
TXN000370,2026-08-24 22:22:00,CUST0232,Consumer,Bank Transfer,242.07,GHS,SwiftCash,USSD,Eastern,,RCP0168,DEV0011,SUCCESS,,312.25,70.18,53,2,1,0,45.1
TXN000371,2026-08-11 09:40:00,CUST0013,Consumer,Merchant Payment,43.64,GHS,MobiLink,Web,Ashanti,MER053,RCP0246,DEV0313,SUCCESS,,255.58,211.94,859,3,0,2,53.2
TXN000372,2026-08-21 12:16:00,CUST0063,Microbusiness,Merchant Payment,209.06,GHS,ApexMoney,Mobile App,Greater Accra,MER063,RCP0023,DEV0376,SUCCESS,,583.59,374.53,1247,3,2,2,67.5
TXN000373,2026-08-13 17:12:00,CUST0182,Consumer,Bill Payment,232.38,GHS,MobiLink,Web,Central,,RCP0157,DEV0335,SUCCESS,,528.42,296.04,22,4,2,3,99.0
TXN000374,2026-08-12 14:00:00,CUST0283,Consumer,Bill Payment,63.49,GHS,SwiftCash,Mobile App,Eastern,,RCP0236,DEV0224,REVERSED,Duplicate Transaction,697.14,697.14,393,4,2,2,87.3
TXN000375,2026-08-28 11:24:00,CUST0123,Consumer,Bank Transfer,334.23,GHS,ApexMoney,USSD,Ashanti,,RCP0104,DEV0151,SUCCESS,,341.08,6.85,930,5,0,3,76.3
TXN000376,2026-08-03 22:16:00,CUST0037,Consumer,Bank Transfer,121.35,GHS,ApexMoney,USSD,Ashanti,,RCP0087,DEV0303,SUCCESS,,245.26,123.91,625,4,2,2,86.7
TXN000377,2026-08-23 20:02:00,CUST0070,SME,P2P Transfer,38.64,GHS,ApexMoney,Mobile App,Greater Accra,,RCP0065,DEV0299,SUCCESS,,565.12,526.48,1567,1,2,3,76.4
TXN000378,2026-08-24 03:36:00,CUST0269,Consumer,Merchant Payment,59.26,GHS,MobiLink,Web,Central,MER076,RCP0059,DEV0169,SUCCESS,,227.65,168.39,90,2,2,0,61.4
TXN000379,2026-08-12 18:42:00,CUST0219,Consumer,Cash-In,213.33,GHS,ApexMoney,USSD,Ashanti,MER015,RCP0102,DEV0183,FAILED,Service Unavailable,1106.34,1106.34,1956,2,1,2,60.5
TXN000380,2026-08-09 03:16:00,CUST0031,SME,Cash-In,178.5,GHS,KasaPay,API,Ashanti,MER014,RCP0200,DEV0166,SUCCESS,,452.19,630.69,385,4,2,3,99.0
TXN000381,2026-08-01 03:56:00,CUST0116,Consumer,Merchant Payment,33.14,GHS,SwiftCash,Mobile App,Greater Accra,MER058,RCP0048,DEV0021,SUCCESS,,385.83,352.69,977,2,2,3,70.7
TXN000382,2026-08-30 00:59:00,CUST0080,Consumer,Cash-In,72.36,GHS,MobiLink,Web,Eastern,MER062,RCP0060,DEV0015,SUCCESS,,696.89,769.25,2170,5,0,1,63.8
TXN000383,2026-08-30 09:06:00,CUST0054,Microbusiness,Merchant Payment,96.83,GHS,SwiftCash,Web,Eastern,MER055,RCP0259,DEV0038,SUCCESS,,465.32,368.49,1462,2,2,3,76.0
TXN000384,2026-08-08 11:16:00,CUST0254,Microbusiness,Cash-Out,52.91,GHS,SwiftCash,USSD,Ashanti,MER025,RCP0258,DEV0191,SUCCESS,,142.09,89.18,2196,3,0,1,50.1
TXN000385,2026-08-01 23:44:00,CUST0186,Consumer,Merchant Payment,604.34,GHS,ApexMoney,Mobile App,Northern,MER001,RCP0059,DEV0230,FAILED,Insufficient Funds,222.28,222.28,57,5,2,0,84.7
TXN000386,2026-08-04 19:19:00,CUST0054,Microbusiness,Merchant Payment,99.35,GHS,MobiLink,POS,Western,MER026,RCP0109,DEV0184,SUCCESS,,1089.29,989.94,1587,2,0,3,59.5
TXN000387,2026-08-03 02:19:00,CUST0196,Consumer,P2P Transfer,77.28,GHS,ApexMoney,USSD,Greater Accra,,RCP0105,DEV0430,SUCCESS,,524.75,447.47,180,1,2,1,46.4
TXN000388,2026-08-26 18:20:00,CUST0125,Consumer,P2P Transfer,224.13,GHS,ApexMoney,API,Central,,RCP0077,DEV0007,FAILED,Insufficient Funds,139.61,139.61,1351,2,2,0,77.99413600010485
TXN000389,2026-08-28 15:34:00,CUST0019,Consumer,Bank Transfer,59.71,GHS,MobiLink,USSD,Ashanti,,RCP0040,DEV0177,SUCCESS,,641.68,581.97,727,2,2,0,60.9
TXN000390,2026-08-05 18:02:00,CUST0135,Microbusiness,Merchant Payment,191.77,GHS,ApexMoney,Mobile App,Bono,MER070,RCP0017,DEV0112,FAILED,Invalid PIN,323.94,323.94,1712,4,2,0,70.1
TXN000391,2026-08-24 03:34:00,CUST0056,Consumer,P2P Transfer,19.74,GHS,ApexMoney,Mobile App,Greater Accra,,RCP0159,DEV0135,SUCCESS,,255.73,235.99,286,4,1,3,86.7
TXN000392,2026-08-06 13:22:00,CUST0074,Microbusiness,Cash-Out,55.39,GHS,SwiftCash,POS,Greater Accra,MER002,RCP0011,DEV0263,FAILED,Limit Exceeded,208.79,208.79,1973,3,2,3,83.9
TXN000393,2026-08-12 09:12:00,CUST0264,SME,Cash-In,198.68,GHS,ApexMoney,API,Ashanti,MER011,RCP0161,DEV0140,SUCCESS,,1043.09,1241.77,1065,3,0,3,67.6
TXN000394,2026-08-19 13:56:00,CUST0214,Microbusiness,P2P Transfer,309.41,GHS,ApexMoney,Mobile App,Greater Accra,,RCP0025,DEV0143,FAILED,Insufficient Funds,112.83,112.83,1149,3,1,0,43.1
TXN000395,2026-08-23 07:37:00,CUST0041,Microbusiness,Merchant Payment,42.21,GHS,KasaPay,POS,Central,MER050,RCP0040,DEV0302,SUCCESS,,262.92,220.71,1262,1,0,3,52.3
TXN000396,2026-08-28 02:40:00,CUST0256,Consumer,P2P Transfer,38.23,GHS,SwiftCash,Web,Ashanti,,RCP0002,DEV0374,SUCCESS,,539.2,500.97,92,1,0,2,34.0
TXN000397,2026-08-02 09:19:00,CUST0173,Consumer,Cash-Out,131.94,GHS,SwiftCash,Mobile App,Greater Accra,MER024,RCP0104,DEV0096,SUCCESS,,1609.65,1477.71,693,4,2,1,73.8
TXN000398,2026-08-07 02:08:00,CUST0263,Consumer,P2P Transfer,47.96,GHS,ApexMoney,Mobile App,Ashanti,,RCP0085,DEV0051,SUCCESS,,746.5,698.54,1565,5,1,2,79.1
TXN000399,2026-08-09 16:41:00,CUST0225,Consumer,P2P Transfer,64.83,GHS,KasaPay,POS,Northern,,RCP0087,DEV0108,FAILED,Recipient Unavailable,261.25,261.25,2114,3,0,3,46.5
TXN000400,2026-08-10 14:52:00,CUST0102,Microbusiness,P2P Transfer,171.56,GHS,SwiftCash,USSD,Western,,RCP0081,DEV0260,SUCCESS,,1551.56,1380.0,2166,1,2,1,49.9
TXN000401,2026-08-31 22:31:00,CUST0161,Microbusiness,Cash-In,51.29,GHS,ApexMoney,Mobile App,Ashanti,MER079,RCP0244,DEV0432,SUCCESS,,178.33,229.62,1185,5,2,0,69.6
TXN000402,2026-08-25 02:23:00,CUST0160,Consumer,P2P Transfer,15.32,GHS,ApexMoney,Web,Greater Accra,,RCP0112,DEV0073,SUCCESS,,601.24,585.92,578,2,1,3,66.7
TXN000403,2026-08-10 22:23:00,CUST0216,Consumer,Bank Transfer,26.95,GHS,ApexMoney,USSD,Greater Accra,,RCP0210,DEV0020,SUCCESS,,710.41,683.46,1058,4,0,0,47.0
TXN000404,2026-08-31 03:02:00,CUST0075,Microbusiness,P2P Transfer,82.14,GHS,KasaPay,Web,Northern,,RCP0061,DEV0238,SUCCESS,,254.47,172.33,1027,5,2,0,85.6
TXN000405,2026-08-16 11:29:00,CUST0100,Consumer,Cash-In,16.71,GHS,ApexMoney,Web,Central,MER078,RCP0126,DEV0446,SUCCESS,,831.47,848.18,882,5,2,2,94.8
TXN000406,2026-08-16 12:33:00,CUST0074,Consumer,Merchant Payment,63.27,GHS,SwiftCash,Web,Eastern,MER013,RCP0017,DEV0249,SUCCESS,,335.15,271.88,804,1,0,3,52.0
TXN000407,2026-08-14 10:40:00,CUST0089,Consumer,Merchant Payment,24.95,GHS,MobiLink,USSD,Northern,MER022,RCP0067,DEV0417,SUCCESS,,829.94,804.99,1912,1,0,3,53.0
TXN000408,2026-08-05 11:03:00,CUST0049,Consumer,P2P Transfer,328.31,GHS,ApexMoney,Mobile App,Greater Accra,,RCP0019,DEV0290,FAILED,Insufficient Funds,124.0,124.0,868,4,2,3,99.0
TXN000409,2026-08-29 23:10:00,CUST0011,Microbusiness,Bank Transfer,513.05,GHS,SwiftCash,USSD,Central,,RCP0006,DEV0015,SUCCESS,,633.48,120.43,78,4,2,3,96.7
TXN000410,2026-08-01 10:22:00,CUST0283,Consumer,Bank Transfer,33.13,GHS,ApexMoney,Mobile App,Greater Accra,,RCP0048,DEV0193,SUCCESS,,361.74,328.61,1591,5,2,0,76.7
TXN000411,2026-08-06 09:39:00,CUST0023,Consumer,P2P Transfer,101.32,GHS,ApexMoney,POS,Greater Accra,,RCP0042,DEV0347,SUCCESS,,1167.1,1065.78,1468,3,0,1,52.3
TXN000412,2026-08-08 02:51:00,CUST0267,Consumer,P2P Transfer,36.0,GHS,SwiftCash,Mobile App,Ashanti,,RCP0082,DEV0230,SUCCESS,,476.76,440.76,841,1,0,2,26.4
TXN000413,2026-08-09 15:47:00,CUST0001,Consumer,Bank Transfer,62.62,GHS,KasaPay,USSD,Ashanti,,RCP0193,None,SUCCESS,,1257.55,1194.93,1391,4,1,1,78.5
TXN000414,2026-08-05 02:04:00,CUST0234,Consumer,Cash-In,377.27,GHS,MobiLink,Mobile App,Volta,MER077,RCP0039,DEV0082,SUCCESS,,721.05,1098.32,2071,4,1,2,84.5
TXN000415,2026-08-01 13:21:00,CUST0099,Consumer,P2P Transfer,54.78,GHS,KasaPay,Mobile App,Greater Accra,,RCP0159,DEV0299,SUCCESS,,447.81,393.03,2034,3,2,1,69.3
TXN000416,2026-08-22 00:10:00,CUST0156,Microbusiness,P2P Transfer,63.87,GHS,ApexMoney,Mobile App,Western,,RCP0095,DEV0209,SUCCESS,,889.58,825.71,1740,4,2,1,67.5
TXN000417,2026-08-31 01:09:00,CUST0085,Microbusiness,Cash-Out,36.56,GHS,KasaPay,USSD,Central,MER044,RCP0105,DEV0259,SUCCESS,,893.86,857.3,1289,2,0,0,38.3
TXN000418,2026-08-04 18:38:00,CUST0148,Consumer,Cash-Out,215.78,GHS,ApexMoney,POS,Eastern,MER053,RCP0239,DEV0168,SUCCESS,,702.0,486.22,75,5,0,2,68.8
TXN000419,2026-08-10 04:37:00,CUST0136,Consumer,Cash-In,5.08,GHS,MobiLink,Mobile App,Volta,MER057,RCP0121,DEV0153,SUCCESS,,88.3,93.38,1134,1,0,3,53.2
TXN000420,2026-08-16 16:42:00,CUST0159,Microbusiness,Bill Payment,55.9,GHS,SwiftCash,Web,Ashanti,,RCP0068,DEV0300,SUCCESS,,235.82,179.92,1803,5,0,3,74.3
TXN000421,2026-08-29 18:03:00,CUST0118,Consumer,Merchant Payment,78.34,GHS,KasaPay,Web,Ashanti,MER003,RCP0062,DEV0004,SUCCESS,,1391.42,1313.08,1861,5,2,1,97.4
TXN000422,2026-08-22 12:31:00,CUST0161,Consumer,Merchant Payment,46.44,GHS,KasaPay,Mobile App,Greater Accra,MER074,RCP0044,DEV0196,SUCCESS,,192.1,145.66,1703,4,0,2,56.3
TXN000423,2026-08-24 18:02:00,CUST0248,Consumer,Merchant Payment,169.7,GHS,SwiftCash,POS,Greater Accra,MER039,RCP0208,DEV0167,SUCCESS,,955.13,785.43,2170,5,2,0,75.4
TXN000424,2026-08-19 00:21:00,CUST0131,Consumer,Merchant Payment,226.27,GHS,SwiftCash,USSD,Northern,MER053,RCP0173,DEV0351,SUCCESS,,837.01,610.74,1143,5,1,2,70.3
TXN000425,2026-08-13 22:16:00,CUST0109,SME,P2P Transfer,24.53,GHS,ApexMoney,Mobile App,Ashanti,,RCP0070,DEV0328,PENDING,Awaiting Confirmation,285.91,285.91,254,1,0,1,31.8
TXN000426,2026-08-07 04:37:00,CUST0040,Consumer,P2P Transfer,482.73,GHS,ApexMoney,USSD,Ashanti,,RCP0128,DEV0192,FAILED,Insufficient Funds,110.34,110.34,1100,3,2,3,83.4
TXN000427,2026-08-27 19:02:00,CUST0108,SME,Merchant Payment,24.29,GHS,ApexMoney,Mobile App,Greater Accra,MER029,RCP0131,DEV0119,SUCCESS,,321.6,297.31,711,4,1,2,81.8
TXN000428,2026-08-25 22:16:00,CUST0038,Microbusiness,Cash-Out,243.55,GHS,KasaPay,Web,Ashanti,MER068,RCP0013,DEV0107,FAILED,Network Timeout,2341.42,2341.42,1840,5,0,0,52.4
TXN000429,2026-08-01 18:40:00,CUST0055,SME,P2P Transfer,92.51,GHS,KasaPay,Web,Central,,RCP0236,DEV0096,REVERSED,Duplicate Transaction,257.89,257.89,1713,4,0,3,80.8
TXN000430,2026-08-23 04:15:00,CUST0286,Microbusiness,Merchant Payment,53.08,GHS,ApexMoney,Web,Greater Accra,MER053,RCP0205,DEV0124,SUCCESS,,271.59,218.51,943,3,1,2,60.9
TXN000431,2026-08-03 14:47:00,CUST0027,Microbusiness,Cash-In,57.51,GHS,KasaPay,USSD,Central,MER047,RCP0139,DEV0343,FAILED,Invalid PIN,233.18,233.18,863,3,0,0,37.3
TXN000432,2026-08-23 21:48:00,CUST0145,Consumer,Cash-In,79.16,GHS,KasaPay,USSD,Eastern,MER041,RCP0186,DEV0021,SUCCESS,,1225.48,1304.64,363,1,1,1,40.4
TXN000433,2026-08-26 14:30:00,CUST0251,Microbusiness,Bank Transfer,97.24,GHS,ApexMoney,API,Western,,RCP0029,DEV0012,SUCCESS,,410.68,313.44,109,2,1,0,44.0
TXN000434,2026-08-05 01:30:00,CUST0286,Consumer,Bank Transfer,37.26,GHS,MobiLink,Mobile App,Greater Accra,,RCP0254,DEV0243,SUCCESS,,308.14,270.88,698,3,0,1,50.2
TXN000435,2026-08-14 10:46:00,CUST0045,Microbusiness,Cash-Out,66.76,GHS,KasaPay,Mobile App,Eastern,MER004,RCP0166,DEV0101,SUCCESS,,1422.41,1355.65,541,5,0,3,86.3
TXN000436,2026-08-04 20:04:00,CUST0050,Consumer,P2P Transfer,42.31,GHS,KasaPay,USSD,Greater Accra,,RCP0244,DEV0374,SUCCESS,,760.99,718.68,594,5,1,3,93.6
TXN000437,2026-08-18 14:03:00,CUST0112,Consumer,Merchant Payment,29.0,GHS,KasaPay,Mobile App,Ashanti,MER056,RCP0224,DEV0339,SUCCESS,,247.28,218.28,2196,4,1,2,79.0
TXN000438,2026-08-29 18:06:00,CUST0167,Consumer,Cash-In,40.66,GHS,ApexMoney,Mobile App,Central,MER042,RCP0152,DEV0347,SUCCESS,,196.82,237.48,1503,1,0,1,26.6
TXN000439,2026-08-03 12:10:00,CUST0288,Consumer,P2P Transfer,30.65,GHS,MobiLink,Mobile App,Eastern,,RCP0075,DEV0206,SUCCESS,,1174.53,1143.88,1219,4,0,1,58.3
TXN000440,2026-08-13 07:47:00,CUST0063,Consumer,P2P Transfer,56.99,GHS,KasaPay,USSD,Greater Accra,,RCP0178,DEV0198,SUCCESS,,498.99,442.0,405,3,0,3,75.6
TXN000441,2026-08-31 04:00:00,CUST0050,Consumer,P2P Transfer,117.64,GHS,KasaPay,Mobile App,Northern,,RCP0133,DEV0192,SUCCESS,,154.19,36.55,1852,4,2,0,56.9
TXN000442,2026-08-10 07:54:00,CUST0076,Consumer,Merchant Payment,90.25,GHS,MobiLink,Mobile App,Greater Accra,MER036,RCP0107,DEV0089,FAILED,Invalid PIN,129.37,129.37,1423,3,2,3,88.9
TXN000443,2026-08-05 02:22:00,CUST0263,Consumer,Merchant Payment,436.24,GHS,SwiftCash,Mobile App,Eastern,MER019,RCP0185,DEV0256,FAILED,Insufficient Funds,213.36,213.36,1139,4,1,3,88.1
TXN000444,2026-08-16 03:30:00,CUST0010,Consumer,P2P Transfer,12.44,GHS,SwiftCash,Mobile App,Bono,,RCP0231,DEV0389,SUCCESS,,194.49,182.05,1033,2,1,3,76.8
TXN000445,2026-08-16 18:13:00,CUST0115,Consumer,Bank Transfer,121.38,GHS,ApexMoney,Web,Ashanti,,RCP0045,DEV0116,FAILED,Insufficient Funds,106.21,106.21,1222,1,0,2,45.4
TXN000446,2026-08-21 13:10:00,CUST0036,Consumer,Bill Payment,81.9,GHS,ApexMoney,Mobile App,Western,,RCP0144,DEV0026,SUCCESS,,216.02,134.12,1849,2,0,3,58.6
TXN000447,2026-08-10 17:25:00,CUST0048,Consumer,P2P Transfer,162.93,GHS,SwiftCash,POS,Eastern,,RCP0202,DEV0255,SUCCESS,,247.32,84.39,1588,5,2,0,77.6
TXN000448,2026-08-30 14:59:00,CUST0276,Consumer,Bill Payment,149.75,GHS,KasaPay,POS,Western,,RCP0085,DEV0180,SUCCESS,,348.27,198.52,1074,1,0,3,45.6
TXN000449,2026-08-17 03:38:00,CUST0001,Consumer,P2P Transfer,70.79,GHS,SwiftCash,Mobile App,Eastern,,RCP0089,DEV0359,SUCCESS,,1754.05,1683.26,1473,2,2,0,48.7
TXN000450,2026-08-09 21:06:00,CUST0097,SME,Bill Payment,94.33,GHS,SwiftCash,Web,Central,,RCP0003,DEV0386,SUCCESS,,403.38,309.05,2046,2,0,0,23.0
TXN000451,2026-08-30 18:27:00,CUST0275,Consumer,Bill Payment,43.27,GHS,ApexMoney,POS,Greater Accra,,RCP0084,DEV0428,SUCCESS,,434.55,391.28,727,5,0,0,63.9
TXN000452,2026-08-29 16:03:00,CUST0183,Consumer,P2P Transfer,137.23,GHS,ApexMoney,USSD,Central,,RCP0152,DEV0177,SUCCESS,,721.94,584.71,1982,2,2,2,71.7
TXN000453,2026-08-16 11:22:00,CUST0022,Consumer,Cash-Out,16.49,GHS,KasaPay,Mobile App,Greater Accra,MER041,RCP0252,DEV0406,SUCCESS,,412.41,395.92,1340,5,2,0,69.5
TXN000454,2026-08-01 18:29:00,CUST0140,Microbusiness,Bill Payment,157.64,GHS,ApexMoney,Mobile App,Bono,,RCP0137,DEV0054,SUCCESS,,665.22,507.58,419,5,2,2,94.6
TXN000455,2026-08-19 12:07:00,CUST0292,Consumer,Bank Transfer,79.86,GHS,SwiftCash,API,Greater Accra,,RCP0076,DEV0168,FAILED,Validation Error,608.17,608.17,2127,4,0,0,54.0
TXN000456,2026-08-18 05:04:00,CUST0121,Consumer,Bill Payment,53.84,GHS,SwiftCash,POS,Greater Accra,,RCP0211,DEV0120,SUCCESS,,540.2,486.36,1514,2,1,2,65.0
TXN000457,2026-08-05 14:16:00,CUST0159,Consumer,Cash-In,66.84,GHS,KasaPay,API,Northern,MER005,RCP0049,DEV0416,SUCCESS,,3923.93,3990.77,858,3,0,0,33.4
TXN000458,2026-08-20 15:40:00,CUST0160,Consumer,P2P Transfer,71.14,GHS,SwiftCash,Web,Greater Accra,,RCP0049,DEV0271,REVERSED,Duplicate Transaction,975.88,975.88,483,4,0,2,46.2
TXN000459,2026-08-27 01:33:00,CUST0199,Consumer,Bank Transfer,245.36,GHS,KasaPay,Mobile App,Ashanti,,RCP0136,DEV0165,FAILED,Insufficient Funds,218.92,218.92,2015,1,1,0,35.4
TXN000460,2026-08-04 06:47:00,CUST0057,SME,Cash-In,1272.16,GHS,SwiftCash,POS,Central,MER065,RCP0212,DEV0069,REVERSED,Duplicate Transaction,650.45,650.45,1813,5,0,3,76.7
TXN000461,2026-08-23 10:09:00,CUST0252,SME,Cash-In,229.73,GHS,ApexMoney,USSD,Greater Accra,MER009,RCP0056,DEV0353,SUCCESS,,272.11,501.84,112,3,0,1,51.7
TXN000462,2026-08-05 08:24:00,CUST0297,Consumer,Merchant Payment,50.37,GHS,SwiftCash,POS,Greater Accra,MER002,RCP0004,DEV0295,SUCCESS,,688.62,638.25,1404,5,1,2,88.7
TXN000463,2026-08-24 05:07:00,CUST0043,Consumer,Cash-In,139.12,GHS,SwiftCash,Mobile App,Ashanti,MER067,RCP0188,DEV0384,SUCCESS,,175.67,314.79,265,4,2,1,82.7
TXN000464,2026-08-13 23:49:00,CUST0246,Consumer,P2P Transfer,144.36,GHS,ApexMoney,Mobile App,Greater Accra,,RCP0153,DEV0198,SUCCESS,,214.68,70.32,657,5,0,2,83.5
TXN000465,2026-08-01 04:50:00,CUST0246,SME,Cash-Out,37.1,GHS,KasaPay,POS,Greater Accra,MER046,RCP0178,DEV0068,PENDING,Awaiting Confirmation,637.74,637.74,1256,1,1,1,49.4
TXN000466,2026-08-30 22:52:00,CUST0223,SME,P2P Transfer,27.89,GHS,MobiLink,POS,Greater Accra,,RCP0103,DEV0151,SUCCESS,,1041.33,1013.44,559,1,2,0,53.5
TXN000467,2026-08-06 03:28:00,CUST0112,Consumer,Cash-Out,77.19,GHS,ApexMoney,USSD,Ashanti,MER063,RCP0031,DEV0280,REVERSED,Network Timeout,718.37,718.37,1134,1,2,3,78.3
TXN000468,2026-08-19 11:27:00,CUST0141,Consumer,Bank Transfer,161.83,GHS,SwiftCash,Mobile App,Greater Accra,,RCP0086,DEV0109,SUCCESS,,935.04,773.21,953,5,1,2,91.8
TXN000469,2026-08-06 15:00:00,CUST0252,Consumer,Merchant Payment,20.7,GHS,MobiLink,Mobile App,Greater Accra,MER031,RCP0122,DEV0032,FAILED,Invalid PIN,652.21,652.21,1285,5,0,1,63.8
TXN000470,2026-08-29 22:10:00,CUST0046,Microbusiness,Merchant Payment,44.13,GHS,MobiLink,API,Eastern,MER062,RCP0113,DEV0371,REVERSED,Settlement Failure,560.8,560.8,1764,5,2,0,67.3
TXN000471,2026-08-23 21:18:00,CUST0249,Consumer,Merchant Payment,132.52,GHS,KasaPay,USSD,Eastern,MER056,RCP0231,DEV0239,SUCCESS,,337.72,205.2,354,2,0,3,72.9
TXN000472,2026-08-25 22:26:00,CUST0277,Consumer,Bill Payment,84.39,GHS,KasaPay,USSD,Greater Accra,,RCP0058,DEV0179,PENDING,Awaiting Confirmation,906.65,906.65,1754,2,0,1,40.4
TXN000473,2026-08-14 09:28:00,CUST0205,Consumer,Cash-Out,271.46,GHS,MobiLink,USSD,Greater Accra,MER042,RCP0081,DEV0249,SUCCESS,,1062.8,791.34,500,2,1,3,75.4
TXN000474,2026-08-15 11:43:00,CUST0103,Consumer,Merchant Payment,24.54,GHS,KasaPay,USSD,Northern,MER076,RCP0048,DEV0333,SUCCESS,,469.97,445.43,87,5,0,3,78.7
TXN000475,2026-08-20 15:55:00,CUST0168,Microbusiness,P2P Transfer,601.45,GHS,ApexMoney,USSD,Eastern,,RCP0148,DEV0001,FAILED,Insufficient Funds,451.38,451.38,990,2,0,3,63.8
TXN000476,2026-08-25 07:51:00,CUST0016,Consumer,P2P Transfer,22.04,GHS,ApexMoney,USSD,Ashanti,,RCP0209,DEV0199,SUCCESS,,1625.47,1603.43,675,3,0,2,42.3
TXN000477,2026-08-27 06:09:00,CUST0280,Consumer,Merchant Payment,14.52,GHS,SwiftCash,Web,Ashanti,MER024,RCP0229,DEV0115,SUCCESS,,485.26,470.74,418,4,2,0,64.5
TXN000478,2026-08-01 13:16:00,CUST0103,Microbusiness,Bill Payment,77.47,GHS,KasaPay,Web,Greater Accra,,RCP0059,DEV0042,SUCCESS,,521.53,444.06,938,2,2,0,50.4
TXN000479,2026-08-21 13:41:00,CUST0018,Consumer,Cash-Out,14917.47,GHS,ApexMoney,API,Western,MER010,RCP0112,DEV0017,SUCCESS,,708.51,677.46,1913,3,2,0,67.15860051830033
TXN000480,2026-08-04 09:12:00,CUST0239,Microbusiness,P2P Transfer,78.81,GHS,KasaPay,USSD,Volta,,RCP0191,DEV0199,SUCCESS,,457.9,379.09,1294,4,0,1,62.4
TXN000481,2026-08-09 22:13:00,CUST0198,Microbusiness,Bank Transfer,76.5,GHS,SwiftCash,USSD,Volta,,RCP0012,DEV0245,SUCCESS,,266.33,189.83,1605,4,2,2,78.4
TXN000482,2026-08-26 17:05:00,CUST0187,Consumer,Merchant Payment,68.96,GHS,KasaPay,POS,Greater Accra,MER017,RCP0185,DEV0229,SUCCESS,,654.24,585.28,341,1,1,3,64.0
TXN000483,2026-08-08 18:22:00,CUST0017,Consumer,Bank Transfer,8166.55,GHS,MobiLink,Web,Greater Accra,,RCP0035,DEV0353,SUCCESS,,478.63,438.83,180,3,2,0,89.35216852157137
TXN000484,2026-08-25 16:49:00,CUST0226,Consumer,P2P Transfer,117.66,GHS,SwiftCash,USSD,Greater Accra,,RCP0009,DEV0207,FAILED,Validation Error,1961.94,1961.94,747,1,1,2,65.1
TXN000485,2026-08-15 08:28:00,CUST0192,Microbusiness,Cash-In,62.19,GHS,MobiLink,POS,Greater Accra,MER072,RCP0030,DEV0266,REVERSED,Settlement Failure,890.1,890.1,1707,1,0,0,27.2
TXN000486,2026-08-08 05:05:00,CUST0239,SME,Bill Payment,208.12,GHS,MobiLink,POS,Greater Accra,,RCP0229,DEV0368,FAILED,Insufficient Funds,315.26,315.26,1950,4,0,1,53.2
TXN000487,2026-08-11 08:40:00,CUST0249,Consumer,P2P Transfer,69.87,GHS,ApexMoney,POS,Eastern,,RCP0177,DEV0296,SUCCESS,,851.33,781.46,237,3,0,0,31.4
TXN000488,2026-08-17 10:53:00,CUST0064,Microbusiness,Cash-Out,35.88,GHS,SwiftCash,POS,Greater Accra,MER072,RCP0205,DEV0410,SUCCESS,,620.73,584.85,1056,2,2,1,71.0
TXN000489,2026-08-24 17:16:00,CUST0064,Microbusiness,Bill Payment,19.4,GHS,ApexMoney,Mobile App,Volta,,RCP0179,DEV0007,REVERSED,Settlement Failure,1315.63,1315.63,881,1,1,2,79.65568329143791
TXN000490,2026-08-19 18:52:00,CUST0278,SME,P2P Transfer,70.37,GHS,MobiLink,USSD,Greater Accra,,RCP0207,DEV0355,SUCCESS,,332.51,262.14,1640,5,2,2,92.9
TXN000491,2026-08-29 22:19:00,CUST0160,Consumer,P2P Transfer,27.69,GHS,ApexMoney,USSD,Greater Accra,,RCP0129,DEV0314,SUCCESS,,567.65,539.96,464,5,2,3,92.3
TXN000492,2026-08-27 21:35:00,CUST0132,Consumer,Cash-Out,25.86,GHS,SwiftCash,Mobile App,Northern,MER043,RCP0210,DEV0263,SUCCESS,,457.46,431.6,1074,5,0,2,67.4
TXN000493,2026-08-24 08:29:00,CUST0087,Microbusiness,Merchant Payment,127.53,GHS,MobiLink,Web,Central,MER001,RCP0015,DEV0002,SUCCESS,,514.84,387.31,1871,1,0,1,35.8
TXN000494,2026-08-19 16:42:00,CUST0192,Microbusiness,P2P Transfer,17.97,GHS,ApexMoney,USSD,Ashanti,,RCP0151,DEV0244,SUCCESS,,253.69,235.72,1030,1,0,3,52.1
TXN000495,2026-08-09 23:39:00,CUST0227,Microbusiness,Merchant Payment,270.52,GHS,MobiLink,Mobile App,Eastern,MER012,RCP0196,DEV0387,SUCCESS,,758.95,488.43,1722,2,0,3,46.3
TXN000496,2026-08-13 18:57:00,CUST0001,Microbusiness,Cash-Out,93.29,GHS,ApexMoney,Web,Greater Accra,MER074,RCP0258,DEV0291,SUCCESS,,674.16,580.87,1373,1,2,3,73.8
TXN000497,2026-08-04 16:27:00,CUST0166,Consumer,P2P Transfer,78.47,GHS,KasaPay,POS,Greater Accra,,RCP0093,DEV0003,SUCCESS,,1291.96,1213.49,1320,3,1,3,66.6
TXN000498,2026-08-12 14:23:00,CUST0299,Microbusiness,Merchant Payment,33.8,GHS,KasaPay,POS,Ashanti,MER045,RCP0047,DEV0130,SUCCESS,,489.06,455.26,581,4,1,3,92.1
TXN000499,2026-08-29 17:17:00,CUST0085,Consumer,Bank Transfer,155.98,GHS,KasaPay,Mobile App,Ashanti,,RCP0187,DEV0257,SUCCESS,,361.81,205.83,2183,1,0,0,24.3
TXN000500,2026-08-14 04:51:00,CUST0085,Consumer,Cash-In,81.25,GHS,KasaPay,Web,Eastern,MER001,RCP0019,DEV0366,SUCCESS,,890.67,971.92,560,2,1,2,56.2
TXN000501,2026-08-04 12:36:00,CUST0264,Consumer,Bank Transfer,45.46,GHS,MobiLink,USSD,Greater Accra,,RCP0202,DEV0201,SUCCESS,,271.6,226.14,2049,3,1,1,63.9
TXN000502,2026-08-21 05:02:00,CUST0019,Consumer,Merchant Payment,96.53,GHS,ApexMoney,USSD,Eastern,MER002,RCP0183,DEV0386,SUCCESS,,1111.8,1015.27,2176,2,0,1,42.1
TXN000503,2026-08-30 20:11:00,CUST0120,Consumer,Bill Payment,19.48,GHS,KasaPay,Mobile App,Central,,RCP0179,DEV0359,SUCCESS,,1110.02,1090.54,1132,3,0,0,46.9
TXN000504,2026-08-27 21:24:00,CUST0138,Consumer,Cash-Out,20.29,GHS,MobiLink,USSD,Greater Accra,MER063,RCP0077,DEV0121,SUCCESS,,1265.17,1244.88,1913,3,1,0,49.5
TXN000505,2026-08-09 11:54:00,CUST0240,Microbusiness,P2P Transfer,31.43,GHS,SwiftCash,POS,Greater Accra,,RCP0032,DEV0088,SUCCESS,,653.58,622.15,1577,5,1,3,92.8
TXN000506,2026-08-15 01:41:00,CUST0099,Consumer,Bank Transfer,109.63,GHS,ApexMoney,USSD,Ashanti,,RCP0158,DEV0407,PENDING,Awaiting Confirmation,342.11,342.11,1626,13,2,3,95.8
TXN000507,2026-08-17 11:04:00,CUST0131,Consumer,Merchant Payment,81.23,GHS,MobiLink,USSD,Western,MER071,RCP0094,DEV0266,SUCCESS,,534.8,453.57,164,1,1,2,52.6
TXN000508,2026-08-08 16:23:00,CUST0046,Consumer,P2P Transfer,198.67,GHS,ApexMoney,POS,Eastern,,RCP0102,DEV0382,SUCCESS,,655.27,456.6,314,5,0,0,65.2
TXN000509,2026-08-09 07:54:00,CUST0237,Consumer,P2P Transfer,37.26,GHS,KasaPay,POS,Central,,RCP0049,DEV0007,FAILED,Network Timeout,323.72,323.72,167,3,2,2,80.81776124747022
TXN000510,2026-08-08 08:04:00,CUST0190,Consumer,Cash-Out,132.75,GHS,KasaPay,Mobile App,Ashanti,MER055,RCP0087,DEV0192,SUCCESS,,1339.21,1206.46,81,3,1,0,52.9
TXN000511,2026-08-31 19:58:00,CUST0150,Consumer,P2P Transfer,73.94,GHS,SwiftCash,API,Greater Accra,,RCP0216,DEV0021,SUCCESS,,761.33,687.39,1841,4,2,2,79.7
TXN000512,2026-08-24 03:02:00,CUST0118,SME,P2P Transfer,36.54,GHS,ApexMoney,POS,Ashanti,,RCP0232,DEV0410,SUCCESS,,252.35,215.81,398,5,0,0,42.6
TXN000513,2026-08-27 01:35:00,CUST0046,Consumer,P2P Transfer,113.01,GHS,ApexMoney,API,Greater Accra,,RCP0091,DEV0263,SUCCESS,,2022.63,1909.62,28,1,0,1,33.2
TXN000514,2026-08-26 07:31:00,CUST0277,Consumer,Merchant Payment,77.01,GHS,SwiftCash,API,Central,MER046,RCP0037,DEV0055,SUCCESS,,530.09,453.08,2063,5,0,0,57.2
TXN000515,2026-08-30 17:36:00,CUST0195,Microbusiness,Merchant Payment,47.72,GHS,ApexMoney,Web,Greater Accra,MER049,RCP0009,DEV0239,SUCCESS,,216.9,169.18,624,4,2,3,93.3
TXN000516,2026-08-04 06:19:00,CUST0096,Consumer,Cash-In,84.41,GHS,KasaPay,POS,Greater Accra,MER020,RCP0049,DEV0013,SUCCESS,,264.36,348.77,1798,3,0,2,48.0
TXN000517,2026-08-28 07:56:00,CUST0125,Consumer,P2P Transfer,72.96,GHS,SwiftCash,USSD,Ashanti,,RCP0003,DEV0131,SUCCESS,,1503.93,1430.97,2113,5,2,3,99.0
TXN000518,2026-08-03 01:31:00,CUST0218,Consumer,P2P Transfer,71.48,GHS,SwiftCash,Mobile App,Ashanti,,RCP0173,DEV0007,SUCCESS,,1936.7,1865.22,1157,2,2,0,82.00873380818759
TXN000519,2026-08-15 17:42:00,CUST0216,Consumer,Cash-In,57.36,GHS,ApexMoney,USSD,Eastern,MER042,RCP0167,DEV0205,SUCCESS,,1050.6,1107.96,2039,4,1,2,69.7
TXN000520,2026-08-19 10:15:00,CUST0139,Microbusiness,Merchant Payment,26.86,GHS,ApexMoney,POS,Ashanti,MER069,RCP0203,DEV0255,FAILED,Insufficient Funds,1325.42,1325.42,2131,3,2,1,59.9
TXN000521,2026-08-12 02:14:00,CUST0091,Consumer,Cash-Out,86.8,GHS,MobiLink,USSD,Volta,MER027,RCP0087,DEV0378,SUCCESS,,1227.16,1140.36,330,5,2,1,82.5
TXN000522,2026-08-05 12:45:00,CUST0198,Consumer,P2P Transfer,41.17,GHS,KasaPay,Web,Western,,RCP0216,DEV0159,SUCCESS,,748.21,707.04,335,3,2,3,89.9
TXN000523,2026-08-06 23:04:00,CUST0198,Consumer,P2P Transfer,34.22,GHS,ApexMoney,Mobile App,Northern,,RCP0044,DEV0331,SUCCESS,,630.67,596.45,823,4,2,0,69.5
TXN000524,2026-08-26 13:33:00,CUST0180,Consumer,P2P Transfer,66.38,GHS,ApexMoney,Mobile App,Eastern,,RCP0060,DEV0424,SUCCESS,,738.7,672.32,1236,3,1,3,70.7
TXN000525,2026-08-10 21:07:00,CUST0022,SME,Merchant Payment,152.01,GHS,KasaPay,USSD,Eastern,MER063,RCP0238,DEV0007,SUCCESS,,855.78,703.77,1732,2,0,0,74.25158040808577
TXN000526,2026-08-10 14:53:00,CUST0142,Consumer,Merchant Payment,95.37,GHS,MobiLink,USSD,Eastern,MER041,RCP0229,DEV0115,SUCCESS,,282.53,187.16,415,2,0,1,45.3
TXN000527,2026-08-29 14:58:00,CUST0185,Microbusiness,Bank Transfer,51.86,GHS,ApexMoney,Mobile App,Ashanti,,RCP0156,DEV0305,SUCCESS,,853.18,801.32,437,5,1,0,58.0
TXN000528,2026-08-05 11:02:00,CUST0286,Consumer,Merchant Payment,50.12,GHS,ApexMoney,Mobile App,Greater Accra,MER077,RCP0158,DEV0127,FAILED,Insufficient Funds,1471.39,1471.39,684,5,1,2,83.4
TXN000529,2026-08-29 08:57:00,CUST0158,Consumer,Cash-In,139.83,GHS,KasaPay,Web,Eastern,MER046,RCP0182,DEV0216,SUCCESS,,422.09,561.92,607,2,1,2,67.0
TXN000530,2026-08-29 13:12:00,CUST0103,Consumer,Cash-In,10.62,GHS,ApexMoney,USSD,Greater Accra,MER032,RCP0214,DEV0286,SUCCESS,,389.58,400.2,2069,5,0,2,65.4
TXN000531,2026-08-19 13:19:00,CUST0167,SME,P2P Transfer,160.41,GHS,ApexMoney,Mobile App,Greater Accra,,RCP0060,DEV0132,SUCCESS,,704.44,544.03,880,3,1,3,82.9
TXN000532,2026-08-06 03:09:00,CUST0054,Consumer,Merchant Payment,16.56,GHS,MobiLink,Mobile App,Northern,MER045,RCP0018,DEV0002,SUCCESS,,302.7,286.14,1912,1,1,3,69.7
TXN000533,2026-08-05 19:57:00,CUST0028,Microbusiness,Merchant Payment,24.46,GHS,SwiftCash,USSD,Greater Accra,MER050,RCP0048,DEV0377,SUCCESS,,183.53,159.07,137,4,2,3,92.7
TXN000534,2026-08-09 19:49:00,CUST0204,Consumer,Merchant Payment,52.61,GHS,ApexMoney,Mobile App,Ashanti,MER075,RCP0093,DEV0328,FAILED,Service Unavailable,1165.36,1165.36,237,1,2,1,49.9
TXN000535,2026-08-18 21:35:00,CUST0296,Consumer,P2P Transfer,515.23,GHS,KasaPay,POS,Eastern,,RCP0062,DEV0056,FAILED,Insufficient Funds,351.35,351.35,1770,5,1,0,71.2
TXN000536,2026-08-05 18:17:00,CUST0254,Consumer,Bank Transfer,338.93,GHS,ApexMoney,POS,Greater Accra,,RCP0136,DEV0007,SUCCESS,,499.61,160.68,560,3,2,0,68.07808834137218
TXN000537,2026-08-15 03:00:00,CUST0099,Consumer,Bill Payment,148.49,GHS,ApexMoney,Mobile App,Northern,,RCP0036,DEV0118,SUCCESS,,311.81,163.32,195,16,0,1,77.7
TXN000538,2026-08-04 13:55:00,CUST0013,Consumer,P2P Transfer,110.28,GHS,KasaPay,USSD,Greater Accra,,RCP0150,DEV0440,SUCCESS,,1283.78,1173.5,1313,3,2,2,76.4
TXN000539,2026-08-17 17:58:00,CUST0297,Consumer,Cash-In,16.73,GHS,KasaPay,Mobile App,Northern,MER003,RCP0185,DEV0424,SUCCESS,,934.38,951.11,336,1,2,0,45.8
TXN000540,2026-08-01 15:44:00,CUST0135,Microbusiness,Cash-Out,93.06,GHS,SwiftCash,Mobile App,Central,MER009,RCP0026,DEV0312,SUCCESS,,411.35,318.29,149,4,0,3,78.4
TXN000541,2026-08-22 23:31:00,CUST0087,Consumer,P2P Transfer,51.07,GHS,MobiLink,Web,Greater Accra,,RCP0075,DEV0199,SUCCESS,,203.38,152.31,902,4,2,3,88.7
TXN000541,2026-08-02 17:12:00,CUST0268,Consumer,Bank Transfer,40.68,GHS,ApexMoney,USSD,Greater Accra,,RCP0140,DEV0024,SUCCESS,,379.86,339.18,1216,2,1,0,39.4
TXN000543,2026-08-07 00:56:00,CUST0224,Consumer,Cash-In,92.91,GHS,MobiLink,Web,Greater Accra,MER020,RCP0018,DEV0112,SUCCESS,,755.68,848.59,1167,2,0,3,63.9
TXN000544,2026-08-06 09:55:00,CUST0225,Consumer,Bill Payment,54.57,GHS,KasaPay,Mobile App,Ashanti,,RCP0173,DEV0042,SUCCESS,,567.63,513.06,1292,5,1,2,82.6
TXN000545,2026-08-26 18:15:00,CUST0084,Consumer,Bill Payment,170.53,GHS,ApexMoney,Mobile App,Greater Accra,,RCP0196,DEV0007,SUCCESS,,534.76,364.23,66,4,2,1,84.25097758861261
TXN000546,2026-08-02 15:42:00,CUST0298,Consumer,P2P Transfer,15.71,GHS,MobiLink,USSD,Bono,,RCP0094,DEV0040,REVERSED,Duplicate Transaction,577.54,577.54,650,2,2,2,76.4
TXN000547,2026-08-14 07:22:00,CUST0136,Consumer,Merchant Payment,86.81,GHS,ApexMoney,USSD,Greater Accra,MER040,RCP0003,DEV0305,SUCCESS,,870.53,783.72,765,4,1,2,73.7
TXN000548,2026-08-19 07:48:00,CUST0160,Consumer,Cash-In,38.58,GHS,KasaPay,API,Western,MER034,RCP0130,DEV0429,SUCCESS,,477.52,516.1,655,2,1,1,56.5
TXN000549,2026-08-16 23:54:00,CUST0226,Consumer,P2P Transfer,57.5,GHS,SwiftCash,Mobile App,Greater Accra,,RCP0226,DEV0139,SUCCESS,,690.56,633.06,1236,1,1,2,42.6
TXN000550,2026-08-22 02:27:00,CUST0198,SME,Merchant Payment,105.52,GHS,ApexMoney,Web,Bono,MER011,RCP0076,DEV0308,SUCCESS,,235.05,129.53,515,4,2,0,66.3
TXN000551,2026-08-25 21:30:00,CUST0052,Microbusiness,Bill Payment,31.51,GHS,MobiLink,Web,Greater Accra,,RCP0220,DEV0396,SUCCESS,,3345.56,3314.05,1395,5,1,1,77.1
TXN000552,2026-08-13 04:51:00,CUST0091,Consumer,P2P Transfer,93.65,GHS,ApexMoney,USSD,Ashanti,,RCP0226,DEV0193,SUCCESS,,398.26,304.61,2059,5,1,3,91.5
TXN000553,2026-08-26 16:11:00,CUST0109,Microbusiness,Merchant Payment,68.0,GHS,SwiftCash,Mobile App,Ashanti,MER003,RCP0073,DEV0202,SUCCESS,,574.04,506.04,1458,3,2,0,51.9
TXN000554,2026-08-10 20:35:00,CUST0285,Consumer,Bank Transfer,46.46,GHS,ApexMoney,USSD,Greater Accra,,RCP0156,DEV0091,SUCCESS,,753.59,707.13,864,1,1,2,36.7
TXN000555,2026-08-31 12:24:00,CUST0215,Consumer,Merchant Payment,54.6,GHS,ApexMoney,Mobile App,Western,MER020,RCP0011,DEV0193,SUCCESS,,362.1,307.5,964,3,0,1,57.1
TXN000556,2026-08-16 15:22:00,CUST0110,Consumer,Merchant Payment,71.42,GHS,KasaPay,POS,Greater Accra,MER056,RCP0143,DEV0394,SUCCESS,,495.65,424.23,1293,4,0,1,57.5
TXN000557,2026-08-23 19:35:00,CUST0221,Consumer,Bill Payment,42.41,GHS,MobiLink,USSD,Ashanti,,RCP0228,DEV0299,FAILED,Limit Exceeded,491.15,491.15,1596,5,0,0,62.0
TXN000558,2026-08-28 03:00:00,CUST0222,Consumer,Merchant Payment,81.94,GHS,ApexMoney,Web,Ashanti,MER060,RCP0245,DEV0091,FAILED,Validation Error,248.26,248.26,673,1,1,2,56.6
TXN000559,2026-08-25 13:43:00,CUST0119,Consumer,P2P Transfer,64.3,GHS,MobiLink,USSD,Eastern,,RCP0052,DEV0237,SUCCESS,,684.67,620.37,98,4,1,2,78.6
TXN000560,2026-08-27 09:14:00,CUST0121,Microbusiness,P2P Transfer,48.44,GHS,ApexMoney,USSD,Greater Accra,,RCP0173,DEV0319,SUCCESS,,143.03,94.59,1550,3,0,2,55.1
TXN000561,2026-08-17 15:09:00,CUST0269,Consumer,Bill Payment,314.62,GHS,KasaPay,POS,Greater Accra,,RCP0018,DEV0035,SUCCESS,,1834.51,1519.89,1460,3,2,1,70.9
TXN000562,2026-08-02 08:20:00,CUST0169,Consumer,P2P Transfer,115.93,GHS,KasaPay,USSD,Greater Accra,,RCP0073,DEV0007,FAILED,Insufficient Funds,893.13,893.13,236,1,0,2,76.68625794062764
TXN000563,2026-08-16 06:51:00,CUST0045,Consumer,Merchant Payment,58.83,GHS,ApexMoney,Web,Greater Accra,MER035,RCP0217,DEV0091,SUCCESS,,795.8,736.97,1384,1,0,2,41.5
TXN000564,2026-08-06 15:02:00,CUST0216,Consumer,P2P Transfer,92.2,GHS,MobiLink,Mobile App,Greater Accra,,RCP0167,DEV0133,SUCCESS,,133.96,41.76,171,4,2,2,96.4
TXN000565,2026-08-28 13:30:00,CUST0177,Microbusiness,Merchant Payment,34.03,GHS,KasaPay,API,Volta,MER073,RCP0102,DEV0188,SUCCESS,,271.95,237.92,1420,1,0,2,32.0
TXN000566,2026-08-08 08:08:00,CUST0153,Microbusiness,Bill Payment,56.19,GHS,SwiftCash,Web,Ashanti,,RCP0250,DEV0228,SUCCESS,,1396.9,1340.71,1641,4,2,1,66.4
TXN000567,2026-08-08 01:41:00,CUST0218,Consumer,Merchant Payment,62.05,GHS,KasaPay,Web,Eastern,MER078,RCP0197,DEV0413,SUCCESS,,11085.92,11023.87,48,1,2,2,66.9
TXN000568,2026-08-08 17:32:00,CUST0273,Microbusiness,Bill Payment,28.23,GHS,KasaPay,USSD,Ashanti,,RCP0007,DEV0101,SUCCESS,,1207.15,1178.92,1602,5,2,2,88.1
TXN000569,2026-08-20 22:04:00,CUST0100,Consumer,P2P Transfer,113.21,GHS,KasaPay,Web,Greater Accra,,RCP0021,DEV0116,SUCCESS,,1072.46,959.25,278,2,2,3,90.3
TXN000570,2026-08-18 16:59:00,CUST0126,Consumer,Merchant Payment,53.0,GHS,MobiLink,Mobile App,Ashanti,MER060,RCP0163,DEV0171,FAILED,Insufficient Funds,730.5,730.5,594,3,1,1,66.0
TXN000571,2026-08-30 09:56:00,CUST0057,Consumer,Bank Transfer,60.21,GHS,SwiftCash,POS,Greater Accra,,RCP0228,DEV0386,SUCCESS,,260.96,200.75,1555,2,1,1,59.5
TXN000572,2026-08-13 21:41:00,CUST0195,Consumer,Merchant Payment,50.23,GHS,KasaPay,Mobile App,Ashanti,MER019,RCP0041,DEV0435,PENDING,Awaiting Confirmation,1039.38,1039.38,790,3,1,2,72.3
TXN000573,2026-08-09 18:00:00,CUST0121,Consumer,P2P Transfer,1007.5,GHS,SwiftCash,Mobile App,Ashanti,,RCP0140,DEV0205,FAILED,Insufficient Funds,215.74,215.74,2149,3,1,2,61.5
TXN000574,2026-08-02 12:38:00,CUST0103,Consumer,Bank Transfer,46.38,GHS,KasaPay,USSD,Ashanti,,RCP0212,DEV0312,FAILED,Validation Error,198.75,198.75,2106,4,2,1,66.0
TXN000575,2026-08-01 05:15:00,CUST0209,Microbusiness,Merchant Payment,14.04,GHS,KasaPay,Mobile App,Bono,MER020,RCP0224,DEV0413,SUCCESS,,189.59,175.55,2171,4,1,0,66.0
TXN000576,2026-08-12 13:58:00,CUST0123,SME,Cash-In,20.91,GHS,SwiftCash,Mobile App,Greater Accra,MER076,RCP0166,DEV0381,SUCCESS,,1024.33,1045.24,242,5,1,2,74.0
TXN000577,2026-08-29 16:48:00,CUST0140,SME,Bill Payment,155.31,GHS,KasaPay,Web,Ashanti,,RCP0259,DEV0307,SUCCESS,,471.98,316.67,400,1,2,2,70.5
TXN000578,2026-08-17 05:40:00,CUST0133,Consumer,P2P Transfer,253.66,GHS,SwiftCash,Mobile App,Greater Accra,,RCP0243,DEV0244,FAILED,Limit Exceeded,531.47,531.47,415,5,0,3,86.0
TXN000579,2026-08-28 16:47:00,CUST0078,Consumer,Merchant Payment,45.63,GHS,MobiLink,POS,Ashanti,MER012,RCP0217,DEV0443,SUCCESS,,487.09,441.46,1293,4,1,2,74.5
TXN000580,2026-08-04 03:38:00,CUST0038,Microbusiness,P2P Transfer,241.56,GHS,MobiLink,Mobile App,Central,,RCP0174,DEV0108,FAILED,Insufficient Funds,211.81,211.81,954,2,2,2,71.7
TXN000581,2026-08-03 21:25:00,CUST0249,Consumer,Merchant Payment,152.99,GHS,SwiftCash,POS,Greater Accra,MER006,RCP0256,DEV0164,SUCCESS,,297.96,144.97,1644,5,2,0,77.8
TXN000582,2026-08-26 20:05:00,CUST0028,Consumer,P2P Transfer,69.33,GHS,KasaPay,POS,Eastern,,RCP0005,DEV0321,SUCCESS,,309.41,240.08,631,4,0,1,54.8
TXN000583,2026-08-04 07:24:00,CUST0098,Consumer,Cash-Out,65.28,GHS,SwiftCash,USSD,Ashanti,MER046,RCP0024,DEV0010,SUCCESS,,171.75,106.47,451,1,0,0,31.6
TXN000584,2026-08-02 14:39:00,CUST0201,Consumer,P2P Transfer,94.99,GHS,ApexMoney,POS,Greater Accra,,RCP0133,DEV0226,SUCCESS,,337.59,242.6,1433,1,0,2,49.3
TXN000585,2026-08-13 12:38:00,CUST0040,Consumer,Cash-Out,171.72,GHS,KasaPay,Web,Volta,MER023,RCP0174,DEV0385,SUCCESS,,218.99,47.27,1363,4,2,2,85.9
TXN000586,2026-08-29 16:04:00,CUST0197,Consumer,P2P Transfer,114.17,GHS,ApexMoney,POS,Ashanti,,RCP0235,DEV0080,SUCCESS,,759.95,645.78,1523,4,0,3,70.4
TXN000587,2026-08-22 08:54:00,CUST0220,Consumer,Merchant Payment,45.82,GHS,ApexMoney,Mobile App,Western,MER078,RCP0176,DEV0362,SUCCESS,,808.94,763.12,696,1,0,2,48.8
TXN000588,2026-08-04 01:44:00,CUST0199,Microbusiness,Merchant Payment,70.24,GHS,MobiLink,USSD,Ashanti,MER078,RCP0061,DEV0186,SUCCESS,,186.75,116.51,1165,4,1,3,71.9
TXN000589,2026-08-26 22:49:00,CUST0092,Consumer,Cash-Out,438.81,GHS,MobiLink,POS,Volta,MER068,RCP0236,DEV0388,FAILED,Insufficient Funds,394.46,394.46,2043,3,2,2,79.7
TXN000590,2026-08-27 03:37:00,CUST0006,Consumer,Merchant Payment,100.84,GHS,KasaPay,Mobile App,Greater Accra,MER028,RCP0022,DEV0286,SUCCESS,,1982.36,1881.52,1350,5,0,3,86.4
TXN000591,2026-08-25 19:43:00,CUST0267,Consumer,Merchant Payment,170.53,GHS,ApexMoney,POS,Ashanti,MER043,RCP0025,DEV0071,SUCCESS,,236.14,65.61,2052,4,0,1,51.0
TXN000592,2026-08-28 23:34:00,CUST0098,SME,Bank Transfer,128.88,GHS,SwiftCash,Mobile App,Central,,RCP0187,DEV0331,SUCCESS,,678.56,549.68,962,5,0,2,78.8
TXN000593,2026-08-08 10:28:00,CUST0242,Consumer,Cash-In,102.76,GHS,KasaPay,POS,Ashanti,MER069,RCP0250,DEV0026,SUCCESS,,533.33,636.09,112,1,0,2,40.8
TXN000594,2026-08-31 08:48:00,CUST0060,Consumer,P2P Transfer,89.34,GHS,SwiftCash,Mobile App,Ashanti,,RCP0131,DEV0110,SUCCESS,,1118.41,1029.07,1676,4,0,2,61.7
TXN000595,2026-08-10 22:35:00,CUST0049,Consumer,Bank Transfer,174.65,GHS,MobiLink,Mobile App,Bono,,RCP0035,DEV0400,SUCCESS,,614.99,440.34,1021,2,0,2,54.8
TXN000596,2026-08-25 20:42:00,CUST0234,SME,Merchant Payment,150.03,GHS,KasaPay,API,Ashanti,MER045,RCP0013,DEV0395,SUCCESS,,356.57,206.54,106,3,1,3,69.5
TXN000597,2026-08-18 23:02:00,CUST0282,Consumer,P2P Transfer,101.93,GHS,ApexMoney,Web,Central,,RCP0254,DEV0021,SUCCESS,,518.05,416.12,318,5,0,0,60.2
TXN000598,2026-08-25 03:55:00,CUST0259,Consumer,Merchant Payment,45.16,GHS,ApexMoney,Web,Eastern,MER060,RCP0073,DEV0171,SUCCESS,,523.76,478.6,698,5,1,1,62.1
TXN000599,2026-08-20 11:05:00,CUST0226,Consumer,P2P Transfer,113.04,GHS,ApexMoney,API,Western,,RCP0166,DEV0043,FAILED,Service Unavailable,460.0,460.0,432,2,1,2,60.7
TXN000600,2026-08-20 22:00:00,CUST0075,Microbusiness,P2P Transfer,76.94,GHS,KasaPay,USSD,Northern,,RCP0085,DEV0123,SUCCESS,,183.22,106.28,1510,2,1,2,59.3
TXN000601,2026-08-20 02:30:00,CUST0274,Consumer,Cash-Out,62.68,GHS,ApexMoney,Mobile App,Eastern,MER027,RCP0056,DEV0436,SUCCESS,,1251.77,1189.09,1350,4,1,2,71.8
TXN000602,2026-08-25 03:34:00,CUST0201,Consumer,P2P Transfer,793.9,GHS,ApexMoney,Mobile App,Greater Accra,,RCP0173,DEV0088,SUCCESS,,1096.44,302.54,735,5,1,0,67.3
TXN000603,2026-08-23 21:50:00,CUST0052,Consumer,Bank Transfer,22.02,GHS,ApexMoney,USSD,Greater Accra,,RCP0192,DEV0007,SUCCESS,,225.17,203.15,199,4,2,3,93.5
TXN000604,2026-08-05 04:06:00,CUST0039,Consumer,Bill Payment,183.96,GHS,ApexMoney,Mobile App,Eastern,,RCP0123,DEV0362,SUCCESS,,393.25,209.29,186,1,0,2,47.3
TXN000605,2026-08-26 14:35:00,CUST0262,Consumer,Cash-In,39.12,GHS,SwiftCash,API,Western,MER021,RCP0132,DEV0397,PENDING,Awaiting Confirmation,416.21,416.21,2081,1,1,1,45.4
TXN000606,2026-08-17 14:50:00,CUST0083,Consumer,Cash-Out,91.06,GHS,ApexMoney,Mobile App,Ashanti,MER064,RCP0127,DEV0160,SUCCESS,,206.98,115.92,768,4,1,3,86.7
TXN000607,2026-08-11 00:22:00,CUST0230,Consumer,Cash-Out,12409.52,GHS,MobiLink,Mobile App,Greater Accra,MER046,RCP0154,DEV0314,FAILED,Insufficient Funds,121.5,121.5,249,4,1,1,71.27892862888301
TXN000608,2026-08-16 22:34:00,CUST0042,Microbusiness,Bill Payment,35.94,GHS,ApexMoney,Mobile App,Greater Accra,,RCP0209,DEV0218,SUCCESS,,297.99,262.05,1569,5,0,0,52.2
TXN000609,2026-08-30 23:26:00,CUST0085,Consumer,Merchant Payment,44.02,GHS,ApexMoney,Mobile App,Ashanti,MER018,RCP0185,DEV0049,REVERSED,Duplicate Transaction,377.17,377.17,1915,3,0,3,64.2
TXN000610,2026-08-27 14:02:00,CUST0086,Microbusiness,P2P Transfer,80.25,GHS,ApexMoney,Mobile App,Western,,RCP0073,DEV0101,SUCCESS,,167.18,86.93,281,3,2,1,69.5
TXN000611,2026-08-26 20:16:00,CUST0085,Consumer,Merchant Payment,39.64,GHS,SwiftCash,POS,Greater Accra,MER065,RCP0064,DEV0007,SUCCESS,,562.69,523.05,2079,1,2,3,69.0
TXN000612,2026-08-15 08:19:00,CUST0203,SME,Cash-In,172.68,GHS,ApexMoney,Mobile App,Eastern,MER012,RCP0175,DEV0309,REVERSED,Network Timeout,1178.67,1178.67,1598,4,1,2,81.7
TXN000613,2026-08-25 07:23:00,CUST0275,Consumer,P2P Transfer,51.71,GHS,KasaPay,USSD,Central,,RCP0168,DEV0235,REVERSED,Duplicate Transaction,926.66,926.66,565,5,0,0,55.6
TXN000614,2026-08-12 22:30:00,CUST0274,Consumer,Cash-In,142.01,GHS,ApexMoney,Web,Volta,MER055,RCP0096,DEV0352,SUCCESS,,448.09,590.1,1709,1,1,1,44.3
TXN000615,2026-08-22 06:30:00,CUST0223,Consumer,P2P Transfer,26.32,GHS,MobiLink,USSD,Greater Accra,,RCP0218,DEV0312,SUCCESS,,123.93,97.61,932,3,0,3,57.6
TXN000616,2026-08-20 19:50:00,CUST0061,Consumer,Bill Payment,17.53,GHS,ApexMoney,POS,Volta,,RCP0109,DEV0153,SUCCESS,,842.84,825.31,1403,2,0,3,63.7
TXN000617,2026-08-08 17:51:00,CUST0289,Microbusiness,P2P Transfer,67.04,GHS,KasaPay,Mobile App,Eastern,,RCP0087,DEV0133,SUCCESS,,549.93,482.89,292,4,0,0,43.5
TXN000618,2026-08-09 06:14:00,CUST0163,Consumer,P2P Transfer,21.47,GHS,MobiLink,Mobile App,Central,,RCP0144,DEV0426,SUCCESS,,677.4,655.93,548,4,0,3,67.7
TXN000619,2026-08-02 21:28:00,CUST0164,Microbusiness,P2P Transfer,296.05,GHS,ApexMoney,Mobile App,Greater Accra,,RCP0050,DEV0438,SUCCESS,,2105.01,1808.96,1704,2,0,3,67.9
TXN000620,2026-08-05 07:59:00,CUST0211,Consumer,P2P Transfer,22.19,GHS,ApexMoney,API,Ashanti,,RCP0181,DEV0014,SUCCESS,,265.44,243.25,1774,5,0,2,77.2
TXN000621,2026-08-14 10:36:00,CUST0231,Consumer,P2P Transfer,33.72,GHS,SwiftCash,USSD,Eastern,,RCP0233,DEV0356,SUCCESS,,57.05,23.33,38,1,1,0,38.9
TXN000622,2026-08-15 19:32:00,CUST0286,Microbusiness,P2P Transfer,115.77,GHS,ApexMoney,Mobile App,Greater Accra,,RCP0245,DEV0060,SUCCESS,,223.61,107.84,483,4,2,2,87.7
TXN000623,2026-08-06 02:50:00,CUST0175,Consumer,P2P Transfer,49.48,GHS,ApexMoney,USSD,Ashanti,,RCP0116,DEV0388,SUCCESS,,709.48,660.0,1342,4,0,1,55.4
TXN000624,2026-08-13 22:09:00,CUST0184,Microbusiness,P2P Transfer,22.41,GHS,KasaPay,Web,Ashanti,,RCP0070,DEV0265,SUCCESS,,502.8,480.39,1994,1,0,0,21.3
TXN000625,2026-08-19 17:30:00,CUST0224,Consumer,Merchant Payment,461.26,GHS,ApexMoney,POS,Ashanti,MER077,RCP0125,DEV0310,FAILED,Insufficient Funds,198.0,198.0,1488,4,0,3,78.7
TXN000626,2026-08-08 05:01:00,CUST0077,Consumer,Merchant Payment,34.77,GHS,MobiLink,USSD,Greater Accra,MER070,RCP0027,DEV0316,SUCCESS,,169.9,135.13,1559,2,1,2,65.8
TXN000627,2026-08-11 11:38:00,CUST0093,Microbusiness,Merchant Payment,68.94,GHS,SwiftCash,Web,Ashanti,MER014,RCP0173,DEV0273,SUCCESS,,377.68,308.74,864,2,2,0,50.6
TXN000628,2026-08-12 09:25:00,CUST0188,Consumer,Merchant Payment,68.18,GHS,KasaPay,POS,Greater Accra,MER020,RCP0112,DEV0113,SUCCESS,,193.53,125.35,134,1,0,1,44.4
TXN000629,2026-08-16 15:45:00,CUST0020,Consumer,P2P Transfer,148.97,GHS,ApexMoney,USSD,Volta,,RCP0032,DEV0364,REVERSED,Settlement Failure,728.13,728.13,1688,4,0,3,72.8
TXN000630,2026-08-12 08:35:00,CUST0097,Consumer,P2P Transfer,120.66,GHS,SwiftCash,Mobile App,Bono,,RCP0142,DEV0250,SUCCESS,,361.92,241.26,1761,5,0,1,55.6
TXN000631,2026-08-23 20:17:00,CUST0216,Consumer,P2P Transfer,40.33,GHS,SwiftCash,Mobile App,Greater Accra,,RCP0187,DEV0246,FAILED,Insufficient Funds,307.87,307.87,983,3,1,1,47.7
TXN000632,2026-08-11 03:39:00,CUST0293,Consumer,Cash-Out,61.75,GHS,ApexMoney,API,Greater Accra,MER030,RCP0060,DEV0144,SUCCESS,,279.02,217.27,1121,4,1,0,46.9
TXN000633,2026-08-14 10:49:00,CUST0156,Consumer,Bill Payment,67.16,GHS,MobiLink,USSD,Greater Accra,,RCP0105,DEV0005,SUCCESS,,600.25,533.09,528,2,1,0,38.5
TXN000634,2026-08-12 18:19:00,CUST0120,Consumer,Bill Payment,153.95,GHS,KasaPay,USSD,Ashanti,,RCP0231,DEV0250,SUCCESS,,508.75,354.8,1004,3,0,3,64.6
TXN000635,2026-08-06 16:05:00,CUST0133,Consumer,Merchant Payment,30.17,GHS,SwiftCash,USSD,Northern,MER074,RCP0184,DEV0156,SUCCESS,,573.33,543.16,543,4,2,3,98.1
TXN000636,2026-08-22 06:11:00,CUST0206,Consumer,Cash-In,452.77,GHS,ApexMoney,Mobile App,Ashanti,MER037,RCP0207,DEV0297,SUCCESS,,564.02,1016.79,933,3,1,0,48.8
TXN000637,2026-08-08 07:10:00,CUST0164,Consumer,Merchant Payment,42.72,GHS,ApexMoney,Web,Greater Accra,MER067,RCP0117,DEV0165,SUCCESS,,466.78,424.06,307,4,2,2,90.1
TXN000638,2026-08-10 04:52:00,CUST0007,Consumer,Bank Transfer,80.85,GHS,SwiftCash,Mobile App,Greater Accra,,RCP0128,DEV0438,SUCCESS,,227.05,146.2,1340,1,2,2,61.3
TXN000639,2026-08-25 13:48:00,CUST0162,Microbusiness,Cash-Out,30.39,GHS,SwiftCash,POS,Greater Accra,MER016,RCP0129,DEV0307,SUCCESS,,284.92,254.53,555,3,0,3,66.1
TXN000640,2026-08-30 09:57:00,CUST0121,Microbusiness,Bank Transfer,27.02,GHS,KasaPay,USSD,Western,,RCP0117,DEV0206,SUCCESS,,366.5,339.48,1598,5,0,2,69.5
TXN000641,2026-08-21 19:06:00,CUST0211,Consumer,Bank Transfer,38.73,GHS,ApexMoney,Mobile App,Eastern,,RCP0038,DEV0319,SUCCESS,,2319.01,2280.28,1146,4,2,3,99.0
TXN000642,2026-08-29 09:45:00,CUST0263,Consumer,Merchant Payment,35.7,GHS,SwiftCash,Mobile App,Eastern,MER051,RCP0011,DEV0292,SUCCESS,,179.18,143.48,1972,2,2,0,41.8
TXN000643,2026-08-27 11:31:00,CUST0289,Consumer,Cash-Out,57.28,GHS,ApexMoney,Web,Greater Accra,MER058,RCP0216,DEV0280,SUCCESS,,359.88,302.6,498,3,1,0,50.8
TXN000644,2026-08-15 21:47:00,CUST0184,Consumer,Bank Transfer,35.44,GHS,ApexMoney,Mobile App,Volta,,RCP0140,DEV0261,SUCCESS,,530.44,495.0,611,4,0,1,54.9
TXN000645,2026-08-24 21:05:00,CUST0109,Consumer,Merchant Payment,147.12,GHS,SwiftCash,Mobile App,Greater Accra,MER076,RCP0138,DEV0420,SUCCESS,,392.49,245.37,546,5,0,1,68.7
TXN000646,2026-08-11 04:18:00,CUST0134,SME,Bill Payment,41.87,GHS,ApexMoney,POS,Western,,RCP0155,DEV0143,SUCCESS,,1102.66,1060.79,1393,5,2,3,99.0
TXN000647,2026-08-15 06:36:00,CUST0053,Microbusiness,P2P Transfer,38.1,GHS,ApexMoney,Mobile App,Northern,,RCP0107,DEV0195,SUCCESS,,390.97,352.87,248,5,2,1,84.1
TXN000648,2026-08-17 14:21:00,CUST0281,Consumer,Bill Payment,58.32,GHS,ApexMoney,Mobile App,Ashanti,,RCP0231,DEV0114,SUCCESS,,413.27,354.95,1514,4,0,1,54.4
TXN000649,2026-08-30 18:36:00,CUST0255,Consumer,Bank Transfer,189.41,GHS,MobiLink,Mobile App,Northern,,RCP0122,DEV0257,SUCCESS,,907.75,718.34,1804,2,2,2,77.4
TXN000650,2026-08-27 07:19:00,CUST0257,Consumer,P2P Transfer,97.77,GHS,ApexMoney,Web,Greater Accra,,RCP0130,DEV0445,SUCCESS,,1916.07,1818.3,1489,2,0,3,58.0
TXN000651,2026-08-16 04:00:00,CUST0099,SME,Cash-Out,74.83,GHS,SwiftCash,Mobile App,Eastern,MER017,RCP0138,DEV0274,SUCCESS,,1416.05,1341.22,309,3,0,0,50.8
TXN000652,2026-08-21 05:31:00,CUST0097,Consumer,P2P Transfer,24.09,GHS,MobiLink,Mobile App,Greater Accra,,RCP0041,DEV0094,SUCCESS,,444.75,420.66,1092,3,1,2,68.6
TXN000653,2026-08-07 06:33:00,CUST0257,Microbusiness,Bank Transfer,30.84,GHS,SwiftCash,Mobile App,Ashanti,,RCP0045,DEV0415,SUCCESS,,474.79,443.95,1180,5,1,1,74.1
TXN000654,2026-08-25 22:28:00,CUST0164,Consumer,Bank Transfer,27.48,GHS,KasaPay,Mobile App,Greater Accra,,RCP0047,DEV0356,SUCCESS,,510.32,482.84,869,5,2,0,74.1
TXN000655,2026-08-18 03:27:00,CUST0212,Microbusiness,Cash-In,247.35,GHS,KasaPay,Mobile App,Greater Accra,MER051,RCP0066,DEV0199,SUCCESS,,550.18,797.53,1033,5,0,3,85.4
TXN000656,2026-08-17 12:20:00,CUST0147,Consumer,Bank Transfer,127.87,GHS,KasaPay,Mobile App,Greater Accra,,RCP0042,DEV0066,SUCCESS,,260.99,133.12,1680,4,2,3,90.5
TXN000657,2026-08-24 18:06:00,CUST0133,Consumer,P2P Transfer,39.16,GHS,KasaPay,Mobile App,Greater Accra,,RCP0059,DEV0182,SUCCESS,,994.7,955.54,1838,1,1,0,33.9
TXN000658,2026-08-20 14:53:00,CUST0190,Consumer,P2P Transfer,50.41,GHS,MobiLink,USSD,Eastern,,RCP0244,DEV0362,SUCCESS,,575.34,524.93,670,1,0,3,50.0
TXN000659,2026-08-03 05:54:00,CUST0244,Consumer,Merchant Payment,40.39,GHS,SwiftCash,Web,Ashanti,MER001,RCP0094,DEV0260,SUCCESS,,476.45,436.06,735,2,2,2,71.0
TXN000660,2026-08-09 22:23:00,CUST0101,Consumer,P2P Transfer,38.36,GHS,KasaPay,Mobile App,Greater Accra,,RCP0206,DEV0084,SUCCESS,,189.93,151.57,469,4,1,2,77.1
TXN000661,2026-08-06 11:28:00,CUST0243,Consumer,Merchant Payment,120.45,GHS,ApexMoney,Mobile App,Bono,MER037,RCP0102,DEV0072,SUCCESS,,516.31,395.86,892,2,1,1,52.4
TXN000662,2026-08-23 18:45:00,CUST0074,Microbusiness,P2P Transfer,63.79,GHS,MobiLink,Web,Volta,,RCP0214,DEV0436,REVERSED,Network Timeout,119.12,119.12,1207,4,0,1,56.6
TXN000663,2026-08-02 02:08:00,CUST0121,Consumer,Merchant Payment,477.7,GHS,ApexMoney,Web,Greater Accra,MER009,RCP0196,DEV0202,FAILED,Insufficient Funds,318.54,318.54,1574,5,2,0,84.4
TXN000664,2026-08-07 06:35:00,CUST0274,Microbusiness,Merchant Payment,235.76,GHS,MobiLink,POS,Ashanti,MER029,RCP0218,DEV0309,SUCCESS,,323.01,87.25,599,2,2,0,53.5
TXN000665,2026-08-19 12:29:00,CUST0287,Consumer,Bank Transfer,247.91,GHS,ApexMoney,Mobile App,Eastern,,RCP0075,DEV0163,SUCCESS,,611.09,363.18,487,5,0,0,70.6
TXN000666,2026-08-22 12:55:00,CUST0278,Consumer,P2P Transfer,144.12,GHS,SwiftCash,USSD,Central,,RCP0025,DEV0041,SUCCESS,,2018.05,1873.93,87,3,2,2,77.3
TXN000667,2026-08-16 14:27:00,CUST0095,Consumer,Bank Transfer,56.87,GHS,SwiftCash,Mobile App,Ashanti,,RCP0080,DEV0007,SUCCESS,,756.67,699.8,220,5,2,0,86.53755934243561
TXN000668,2026-08-27 16:22:00,CUST0253,Consumer,Merchant Payment,135.38,GHS,KasaPay,Mobile App,Central,MER001,RCP0182,DEV0312,FAILED,Invalid PIN,1460.16,1460.16,127,1,1,2,46.6
TXN000669,2026-08-29 11:41:00,CUST0281,Consumer,Merchant Payment,60.55,GHS,ApexMoney,Mobile App,Greater Accra,MER043,RCP0170,DEV0151,SUCCESS,,799.44,738.89,468,2,2,2,77.4
TXN000670,2026-08-05 02:17:00,CUST0294,SME,Merchant Payment,325.62,GHS,MobiLink,USSD,Greater Accra,MER068,RCP0183,DEV0272,SUCCESS,,1145.72,820.1,1533,5,1,1,69.8
TXN000671,2026-08-30 12:40:00,CUST0007,Consumer,Merchant Payment,114.85,GHS,KasaPay,Mobile App,Central,MER047,RCP0258,DEV0198,SUCCESS,,1983.95,1869.1,1706,5,2,0,77.7
TXN000672,2026-08-20 01:05:00,CUST0224,Consumer,P2P Transfer,101.8,GHS,ApexMoney,USSD,Eastern,,RCP0059,DEV0152,PENDING,Awaiting Confirmation,284.61,284.61,2141,3,0,2,55.4
TXN000673,2026-08-20 17:20:00,CUST0300,Microbusiness,Merchant Payment,90.74,GHS,KasaPay,Mobile App,Western,MER039,RCP0116,DEV0115,SUCCESS,,271.01,180.27,1206,1,0,3,52.7
TXN000674,2026-08-03 22:45:00,CUST0230,Consumer,P2P Transfer,7358.18,GHS,KasaPay,Mobile App,Greater Accra,,RCP0128,DEV0118,SUCCESS,,813.71,456.18,1008,1,1,1,77.31176178039686
TXN000675,2026-08-20 06:40:00,CUST0070,Consumer,Merchant Payment,24.08,GHS,SwiftCash,POS,Greater Accra,MER019,RCP0039,DEV0116,SUCCESS,,491.39,467.31,1980,3,0,3,61.3
TXN000676,2026-08-23 11:55:00,CUST0229,Consumer,Cash-In,388.6,GHS,ApexMoney,Web,Greater Accra,MER036,RCP0172,DEV0324,SUCCESS,,581.3,969.9,336,5,2,1,82.4
TXN000677,2026-08-19 00:06:00,CUST0032,Microbusiness,Merchant Payment,69.53,GHS,KasaPay,Mobile App,Greater Accra,MER048,RCP0013,DEV0152,SUCCESS,,408.91,339.38,1392,2,0,0,40.2
TXN000678,2026-08-03 14:51:00,CUST0145,SME,Bank Transfer,24.65,GHS,MobiLink,USSD,Greater Accra,,RCP0233,DEV0334,SUCCESS,,315.07,290.42,1802,5,2,2,95.8
TXN000679,2026-08-17 05:16:00,CUST0188,SME,P2P Transfer,42.98,GHS,ApexMoney,Mobile App,Ashanti,,RCP0023,DEV0140,SUCCESS,,1661.66,1618.68,1113,3,1,3,68.3
TXN000680,2026-08-30 00:20:00,CUST0137,Consumer,Bill Payment,20.02,GHS,KasaPay,Mobile App,Ashanti,,RCP0029,DEV0148,SUCCESS,,215.96,195.94,586,1,2,3,76.6
TXN000681,2026-08-23 10:13:00,CUST0210,Consumer,Bank Transfer,141.97,GHS,SwiftCash,POS,Eastern,,RCP0045,DEV0416,SUCCESS,,824.51,682.54,1371,3,2,3,80.7
TXN000682,2026-08-05 06:13:00,CUST0073,Microbusiness,Bill Payment,33.7,GHS,MobiLink,Mobile App,Ashanti,,RCP0232,DEV0395,SUCCESS,,730.09,696.39,2190,2,2,0,55.5
TXN000683,2026-08-30 18:11:00,CUST0182,Consumer,Bank Transfer,94.01,GHS,KasaPay,USSD,Greater Accra,,RCP0224,DEV0181,SUCCESS,,150.77,56.76,530,2,1,0,44.3
TXN000684,2026-08-30 17:24:00,CUST0194,Consumer,P2P Transfer,213.6,GHS,SwiftCash,USSD,Central,,RCP0239,DEV0007,SUCCESS,,264.26,50.66,1245,4,2,2,88.7
TXN000685,2026-08-06 06:01:00,CUST0191,SME,Cash-In,46.01,GHS,ApexMoney,Mobile App,Greater Accra,MER031,RCP0216,DEV0323,SUCCESS,,299.76,345.77,125,2,0,3,69.1
TXN000686,2026-08-25 19:51:00,CUST0099,Consumer,P2P Transfer,64.85,GHS,KasaPay,Mobile App,Northern,,RCP0003,DEV0032,SUCCESS,,752.53,687.68,523,14,1,3,90.3
TXN000687,2026-08-13 14:35:00,CUST0092,Consumer,Bank Transfer,26.9,GHS,MobiLink,Mobile App,Greater Accra,,RCP0123,DEV0206,SUCCESS,,374.18,347.28,1691,5,0,1,67.7
TXN000688,2026-08-19 09:41:00,CUST0078,Microbusiness,Cash-In,58.55,GHS,MobiLink,API,Ashanti,MER037,RCP0002,DEV0270,SUCCESS,,462.11,520.66,1098,4,0,1,63.6
TXN000689,2026-08-14 19:13:00,CUST0139,Consumer,P2P Transfer,726.27,GHS,KasaPay,USSD,Northern,,RCP0114,DEV0305,FAILED,Insufficient Funds,165.14,165.14,450,1,1,2,47.1
TXN000690,2026-08-25 06:16:00,CUST0176,SME,Bill Payment,12367.19,GHS,KasaPay,Mobile App,Eastern,,RCP0058,DEV0049,SUCCESS,,2819.84,2662.05,747,5,0,3,77.5
TXN000691,2026-08-31 21:30:00,CUST0109,Consumer,P2P Transfer,65.04,GHS,KasaPay,Mobile App,Eastern,,RCP0064,DEV0002,SUCCESS,,519.78,454.74,279,3,1,0,47.3
TXN000692,2026-08-25 15:33:00,CUST0123,Consumer,Cash-In,48.43,GHS,ApexMoney,USSD,Central,MER062,RCP0180,DEV0125,SUCCESS,,716.41,764.84,1718,4,1,3,85.9
TXN000693,2026-08-29 20:56:00,CUST0086,Microbusiness,Cash-Out,78.55,GHS,MobiLink,Mobile App,Greater Accra,MER079,RCP0044,DEV0054,SUCCESS,,328.5,249.95,2075,1,0,3,41.5
TXN000694,2026-08-30 07:50:00,CUST0066,Microbusiness,P2P Transfer,90.97,GHS,SwiftCash,USSD,Central,,RCP0084,DEV0229,SUCCESS,,302.03,211.06,246,4,1,0,60.3
TXN000695,2026-08-03 19:02:00,CUST0198,SME,Cash-In,57.04,GHS,KasaPay,POS,Northern,MER067,RCP0102,DEV0414,SUCCESS,,2068.36,2125.4,534,2,2,3,69.5
TXN000696,2026-08-08 20:31:00,CUST0245,Consumer,Bank Transfer,127.81,GHS,ApexMoney,USSD,Bono,,RCP0016,DEV0129,FAILED,Insufficient Funds,117.03,117.03,1887,4,1,2,82.8
TXN000697,2026-08-23 09:03:00,CUST0088,Consumer,P2P Transfer,36.22,GHS,KasaPay,Mobile App,Ashanti,,RCP0182,DEV0205,SUCCESS,,607.28,571.06,1934,2,0,3,61.1
TXN000698,2026-08-19 07:00:00,CUST0259,Consumer,Merchant Payment,36.07,GHS,ApexMoney,Mobile App,Ashanti,MER035,RCP0198,DEV0097,FAILED,Recipient Unavailable,198.62,198.62,1691,5,1,0,76.5
TXN000699,2026-08-02 13:18:00,CUST0172,Consumer,P2P Transfer,111.57,GHS,SwiftCash,Mobile App,Central,,RCP0145,DEV0020,SUCCESS,,363.67,252.1,1577,4,1,3,88.0
TXN000700,2026-08-03 22:42:00,CUST0051,SME,Cash-Out,30.16,GHS,KasaPay,USSD,Ashanti,MER033,RCP0008,DEV0317,SUCCESS,,305.34,275.18,1897,3,2,0,57.2
TXN000701,2026-08-17 03:17:00,CUST0110,SME,P2P Transfer,151.36,GHS,ApexMoney,Web,Greater Accra,,RCP0204,DEV0116,SUCCESS,,235.22,83.86,831,3,1,0,44.2
TXN000702,2026-08-20 02:25:00,CUST0003,Consumer,Bill Payment,80.47,GHS,SwiftCash,Mobile App,Greater Accra,,RCP0116,DEV0247,SUCCESS,,506.02,425.55,1970,1,0,1,33.4
TXN000703,2026-08-06 04:46:00,CUST0012,SME,Bank Transfer,17.22,GHS,MobiLink,USSD,Greater Accra,,RCP0069,DEV0308,SUCCESS,,71.81,54.59,1952,2,0,2,48.8
TXN000704,2026-08-06 07:26:00,CUST0101,Consumer,P2P Transfer,89.4,GHS,ApexMoney,POS,Ashanti,,RCP0246,DEV0378,SUCCESS,,388.92,299.52,517,4,0,0,54.1
TXN000705,2026-08-05 00:13:00,CUST0099,Microbusiness,Merchant Payment,19.45,GHS,KasaPay,Mobile App,Greater Accra,MER017,RCP0003,DEV0084,SUCCESS,,460.49,441.04,174,11,1,1,89.2
TXN000706,2026-08-18 12:19:00,CUST0240,Consumer,Cash-In,146.84,GHS,KasaPay,Mobile App,Greater Accra,MER024,RCP0115,DEV0262,SUCCESS,,177.78,324.62,1153,5,2,1,96.1
TXN000707,2026-08-01 05:50:00,CUST0041,Microbusiness,Cash-Out,65.93,GHS,ApexMoney,Mobile App,Greater Accra,MER029,RCP0115,DEV0410,SUCCESS,,1532.9,1466.97,1671,1,2,0,50.6
TXN000708,2026-08-18 17:53:00,CUST0252,Microbusiness,Merchant Payment,392.85,GHS,KasaPay,POS,Volta,MER080,RCP0237,DEV0218,FAILED,Insufficient Funds,315.5,315.5,1872,2,0,0,29.8
TXN000709,2026-08-15 18:05:00,CUST0071,Consumer,P2P Transfer,202.47,GHS,KasaPay,USSD,Greater Accra,,RCP0050,DEV0019,SUCCESS,,412.36,209.89,326,4,1,0,67.8
TXN000710,2026-08-15 10:41:00,CUST0042,Microbusiness,P2P Transfer,33.06,GHS,ApexMoney,POS,Greater Accra,,RCP0106,DEV0118,SUCCESS,,316.03,282.97,839,2,0,3,53.3
TXN000711,2026-08-22 01:22:00,CUST0210,Consumer,Bill Payment,14.62,GHS,ApexMoney,Web,Ashanti,,RCP0148,DEV0358,SUCCESS,,463.51,448.89,1692,2,2,3,79.2
TXN000712,2026-08-17 04:50:00,CUST0233,Microbusiness,Merchant Payment,42.87,GHS,MobiLink,POS,Greater Accra,MER034,RCP0090,DEV0357,SUCCESS,,1314.36,1271.49,146,2,1,2,51.3
TXN000713,2026-08-23 13:26:00,CUST0182,Consumer,Bank Transfer,28.84,GHS,ApexMoney,API,Bono,,RCP0082,DEV0142,SUCCESS,,3148.75,3119.91,1594,5,1,2,94.1
TXN000714,2026-08-24 16:21:00,CUST0035,Consumer,Merchant Payment,384.47,GHS,SwiftCash,POS,Volta,MER018,RCP0028,DEV0089,SUCCESS,,861.98,477.51,652,5,1,0,55.1
TXN000715,2026-08-29 12:34:00,CUST0035,Microbusiness,Bill Payment,80.74,GHS,SwiftCash,Web,Ashanti,,RCP0070,DEV0132,SUCCESS,,1114.32,1033.58,64,1,0,0,14.4
TXN000716,2026-08-25 18:38:00,CUST0118,Microbusiness,P2P Transfer,180.08,GHS,SwiftCash,Web,Ashanti,,RCP0093,DEV0110,FAILED,Limit Exceeded,1785.26,1785.26,543,5,0,1,60.2
TXN000717,2026-08-17 01:10:00,CUST0136,SME,P2P Transfer,63.93,GHS,SwiftCash,POS,Ashanti,,RCP0217,DEV0334,SUCCESS,,593.87,529.94,1635,3,2,3,93.9
TXN000718,2026-08-16 06:09:00,CUST0300,Consumer,Bill Payment,69.92,GHS,MobiLink,POS,Greater Accra,,RCP0088,DEV0379,SUCCESS,,1599.89,1529.97,1916,5,0,1,69.7
TXN000719,2026-08-08 07:22:00,CUST0086,Consumer,Bill Payment,79.22,GHS,SwiftCash,API,Greater Accra,,RCP0042,DEV0021,SUCCESS,,892.74,813.52,192,4,2,3,94.7
TXN000720,2026-08-19 14:05:00,CUST0058,Consumer,Merchant Payment,208.63,GHS,KasaPay,USSD,Greater Accra,MER013,RCP0220,DEV0334,FAILED,Network Timeout,548.94,548.94,1028,4,0,1,62.1
TXN000721,2026-08-05 07:31:00,CUST0284,Microbusiness,Merchant Payment,106.15,GHS,KasaPay,USSD,Greater Accra,MER021,RCP0092,DEV0007,SUCCESS,,640.82,534.67,454,3,0,1,82.05678435260778
TXN000722,2026-08-29 20:50:00,CUST0047,SME,Merchant Payment,33.16,GHS,KasaPay,USSD,Eastern,MER013,RCP0239,DEV0276,FAILED,Validation Error,125.7,125.7,1508,4,2,3,96.5
TXN000723,2026-08-27 04:42:00,CUST0008,Microbusiness,Merchant Payment,323.48,GHS,KasaPay,Web,Greater Accra,MER015,RCP0029,DEV0393,SUCCESS,,613.44,289.96,1720,5,2,1,93.9
TXN000724,2026-08-04 17:04:00,CUST0127,Consumer,P2P Transfer,63.5,GHS,ApexMoney,USSD,Greater Accra,,RCP0006,DEV0007,REVERSED,Network Timeout,154.81,154.81,2117,3,2,2,84.5217688452302
TXN000725,2026-08-25 08:45:00,CUST0121,Microbusiness,Bank Transfer,55.3,GHS,KasaPay,Web,Ashanti,,RCP0239,DEV0315,SUCCESS,,145.63,90.33,790,1,2,2,56.4
TXN000726,2026-08-04 15:07:00,CUST0186,Consumer,P2P Transfer,7.35,GHS,KasaPay,POS,Ashanti,,RCP0026,DEV0058,SUCCESS,,569.44,562.09,668,1,1,2,53.8
TXN000727,2026-08-23 08:35:00,CUST0264,SME,Cash-Out,139.66,GHS,ApexMoney,API,Greater Accra,MER069,RCP0003,DEV0404,SUCCESS,,213.67,74.01,691,3,0,2,61.4
TXN000728,2026-08-03 17:15:00,CUST0280,Consumer,P2P Transfer,88.75,GHS,ApexMoney,Mobile App,Greater Accra,,RCP0167,DEV0007,SUCCESS,,490.13,401.38,1678,3,1,3,76.7
TXN000729,2026-08-16 03:12:00,CUST0087,Consumer,P2P Transfer,88.67,GHS,SwiftCash,POS,Greater Accra,,RCP0083,DEV0041,PENDING,Awaiting Confirmation,546.66,546.66,987,5,1,1,80.0
TXN000730,2026-08-21 09:27:00,CUST0295,Consumer,Cash-Out,57.84,GHS,KasaPay,POS,Greater Accra,MER010,RCP0126,DEV0336,SUCCESS,,565.26,507.42,64,1,2,1,50.8
TXN000731,2026-08-23 14:14:00,CUST0190,Microbusiness,Merchant Payment,49.95,GHS,SwiftCash,API,Western,MER077,RCP0106,DEV0338,SUCCESS,,250.11,200.16,2085,5,0,2,73.8
TXN000732,2026-08-13 23:26:00,CUST0021,Consumer,Cash-Out,59.49,GHS,KasaPay,Web,Volta,MER051,RCP0077,DEV0209,SUCCESS,,966.82,907.33,242,1,0,1,34.2
TXN000733,2026-08-29 13:41:00,CUST0282,Consumer,P2P Transfer,120.75,GHS,MobiLink,USSD,Ashanti,,RCP0125,DEV0140,SUCCESS,,460.85,340.1,2043,3,1,0,50.7
TXN000734,2026-08-25 00:05:00,CUST0042,Microbusiness,Bill Payment,140.23,GHS,SwiftCash,USSD,None,,RCP0068,DEV0008,SUCCESS,,685.95,545.72,368,3,2,1,77.7
TXN000735,2026-08-07 10:56:00,CUST0177,SME,Cash-Out,66.93,GHS,ApexMoney,Mobile App,Central,MER031,RCP0059,DEV0409,SUCCESS,,200.87,133.94,1190,3,2,2,79.2
TXN000736,2026-08-21 19:23:00,CUST0238,Consumer,Bank Transfer,182.47,GHS,MobiLink,API,Eastern,,RCP0059,DEV0083,REVERSED,Network Timeout,431.06,431.06,697,1,1,2,49.2
TXN000737,2026-08-23 15:31:00,CUST0075,Consumer,P2P Transfer,76.16,GHS,ApexMoney,Mobile App,Greater Accra,,RCP0031,DEV0380,FAILED,Validation Error,1122.12,1122.12,1515,4,1,1,69.2
TXN000738,2026-08-11 08:13:00,CUST0082,Consumer,Merchant Payment,53.06,GHS,KasaPay,POS,Greater Accra,MER015,RCP0137,DEV0265,SUCCESS,,1020.08,967.02,895,1,1,2,57.1
TXN000739,2026-08-23 21:14:00,CUST0143,Consumer,Merchant Payment,96.41,GHS,SwiftCash,POS,Ashanti,MER070,RCP0143,DEV0309,SUCCESS,,270.98,174.57,817,4,1,1,70.6
TXN000740,2026-08-28 20:23:00,CUST0266,Consumer,Cash-In,25.65,GHS,ApexMoney,USSD,Eastern,MER059,RCP0005,DEV0313,PENDING,Awaiting Confirmation,327.29,327.29,1057,3,1,2,71.3
TXN000741,2026-08-26 07:55:00,CUST0068,Consumer,P2P Transfer,99.27,GHS,KasaPay,Mobile App,Greater Accra,,RCP0120,DEV0387,FAILED,Invalid PIN,234.74,234.74,2136,5,0,1,55.0
TXN000742,2026-08-24 15:19:00,CUST0200,Consumer,P2P Transfer,21.96,GHS,KasaPay,Mobile App,Greater Accra,,RCP0192,DEV0016,SUCCESS,,301.17,279.21,551,5,1,3,77.0
TXN000743,2026-08-20 16:03:00,CUST0136,Consumer,Merchant Payment,34.0,GHS,ApexMoney,Web,Greater Accra,MER015,RCP0001,DEV0447,SUCCESS,,172.55,138.55,495,5,1,2,90.7
TXN000744,2026-08-09 09:16:00,CUST0034,Consumer,P2P Transfer,14.65,GHS,ApexMoney,USSD,Greater Accra,,RCP0078,DEV0020,SUCCESS,,444.24,429.59,159,3,2,2,79.6
TXN000745,2026-08-25 15:38:00,CUST0214,Consumer,Merchant Payment,70.19,GHS,ApexMoney,Mobile App,Ashanti,MER011,RCP0249,DEV0450,SUCCESS,,792.23,722.04,1628,3,2,1,67.9
TXN000746,2026-08-12 06:57:00,CUST0250,Consumer,P2P Transfer,319.96,GHS,ApexMoney,POS,Eastern,,RCP0111,DEV0118,FAILED,Insufficient Funds,273.48,273.48,1495,4,2,3,98.2
TXN000747,2026-08-17 11:57:00,CUST0173,Consumer,P2P Transfer,73.74,GHS,KasaPay,Mobile App,Ashanti,,RCP0005,DEV0381,SUCCESS,,460.38,386.64,1345,4,0,1,67.6
TXN000748,2026-08-10 17:56:00,CUST0053,Consumer,Cash-In,140.76,GHS,KasaPay,Web,Greater Accra,MER055,RCP0137,DEV0038,SUCCESS,,417.64,558.4,66,4,1,3,92.5
TXN000749,2026-08-10 16:53:00,CUST0047,Consumer,Merchant Payment,601.52,GHS,KasaPay,Mobile App,Greater Accra,MER055,RCP0107,DEV0208,SUCCESS,,1087.18,485.66,1742,3,1,0,54.8
TXN000750,2026-08-05 21:15:00,CUST0128,Microbusiness,Merchant Payment,114.83,GHS,SwiftCash,Mobile App,Western,MER028,RCP0055,DEV0244,SUCCESS,,311.47,196.64,1783,3,2,3,80.7
TXN000751,2026-08-30 19:12:00,CUST0152,Microbusiness,Cash-In,42.5,GHS,ApexMoney,Mobile App,Ashanti,MER066,RCP0020,DEV0430,SUCCESS,,320.09,362.59,2079,1,1,3,55.5
TXN000752,2026-08-05 13:57:00,CUST0166,Consumer,Bank Transfer,47.78,GHS,ApexMoney,USSD,Greater Accra,,RCP0229,DEV0056,FAILED,Limit Exceeded,261.25,261.25,2045,1,2,0,28.7
TXN000753,2026-08-03 16:10:00,CUST0074,Microbusiness,Merchant Payment,81.5,GHS,SwiftCash,USSD,Greater Accra,MER069,RCP0211,DEV0017,SUCCESS,,209.95,128.45,590,5,2,0,78.8
TXN000754,2026-08-30 00:28:00,CUST0151,Microbusiness,Cash-In,47.56,GHS,MobiLink,POS,Western,MER025,RCP0177,DEV0292,SUCCESS,,732.81,780.37,1567,5,1,3,98.7
TXN000755,2026-08-18 04:55:00,CUST0089,Consumer,Bill Payment,50.68,GHS,KasaPay,USSD,Central,,RCP0005,DEV0023,REVERSED,Duplicate Transaction,445.26,445.26,894,4,2,1,83.1
TXN000756,2026-08-14 13:48:00,CUST0206,Consumer,Cash-In,188.19,GHS,ApexMoney,Mobile App,Northern,MER073,RCP0226,DEV0350,SUCCESS,,513.43,701.62,1317,2,2,2,73.1
TXN000757,2026-08-23 20:41:00,CUST0239,Consumer,Bank Transfer,194.85,GHS,SwiftCash,Mobile App,Eastern,,RCP0123,DEV0018,SUCCESS,,1281.75,1086.9,741,1,2,0,42.1
TXN000758,2026-08-12 21:11:00,CUST0196,Consumer,Bank Transfer,20.09,GHS,MobiLink,Mobile App,Ashanti,,RCP0124,DEV0437,SUCCESS,,1338.17,1318.08,1450,1,2,1,48.6
TXN000759,2026-08-04 23:10:00,CUST0001,Consumer,P2P Transfer,40.63,GHS,KasaPay,Web,Ashanti,,RCP0228,DEV0240,SUCCESS,,143.36,102.73,2096,4,1,2,70.0
TXN000760,2026-08-23 14:53:00,CUST0298,Consumer,Merchant Payment,54.9,GHS,ApexMoney,Mobile App,Greater Accra,MER070,RCP0113,DEV0427,PENDING,Awaiting Confirmation,801.01,801.01,1440,4,1,3,83.0
TXN000761,2026-08-06 10:56:00,CUST0008,SME,Cash-Out,135.53,GHS,ApexMoney,API,Eastern,MER019,RCP0062,DEV0057,FAILED,Network Timeout,583.61,583.61,2027,2,1,1,44.1
TXN000762,2026-08-18 03:25:00,CUST0300,Consumer,Bill Payment,215.21,GHS,KasaPay,Mobile App,Eastern,,RCP0062,DEV0124,SUCCESS,,348.56,133.35,2050,1,2,0,53.5
TXN000763,2026-08-30 10:06:00,CUST0010,Consumer,Merchant Payment,809.71,GHS,MobiLink,Mobile App,Greater Accra,MER027,RCP0241,DEV0205,FAILED,Insufficient Funds,630.03,630.03,274,1,1,1,34.2
TXN000764,2026-08-30 00:29:00,CUST0155,SME,P2P Transfer,54.83,GHS,SwiftCash,Mobile App,Northern,,RCP0142,DEV0014,SUCCESS,,134.99,80.16,2122,4,2,2,83.8
TXN000765,2026-08-12 04:25:00,CUST0032,Consumer,Cash-In,57.2,GHS,ApexMoney,Mobile App,Ashanti,MER031,RCP0150,DEV0047,SUCCESS,,1475.84,1533.04,1802,4,2,3,82.4
TXN000766,2026-08-25 04:32:00,CUST0029,Consumer,P2P Transfer,134.33,GHS,SwiftCash,POS,Greater Accra,,RCP0154,DEV0149,SUCCESS,,725.03,590.7,947,2,1,3,69.8
TXN000767,2026-08-19 23:49:00,CUST0206,SME,Cash-Out,45.61,GHS,SwiftCash,USSD,Greater Accra,MER074,RCP0058,DEV0332,SUCCESS,,257.52,211.91,1326,4,1,3,84.0
TXN000768,2026-08-15 20:39:00,CUST0219,Consumer,Merchant Payment,72.25,GHS,KasaPay,Mobile App,Northern,MER051,RCP0109,DEV0319,REVERSED,Duplicate Transaction,317.65,317.65,1363,5,1,0,62.9
TXN000769,2026-08-05 08:06:00,CUST0036,Consumer,Cash-Out,57.24,GHS,SwiftCash,POS,Volta,MER037,RCP0247,DEV0040,SUCCESS,,137.36,80.12,1733,3,2,2,71.4
TXN000770,2026-08-12 16:00:00,CUST0293,Consumer,Bank Transfer,8.77,GHS,KasaPay,USSD,Ashanti,,RCP0038,DEV0027,SUCCESS,,389.37,380.6,1769,2,0,2,49.0
TXN000771,2026-08-21 05:01:00,CUST0097,Consumer,Cash-In,90.45,GHS,KasaPay,API,Volta,MER006,RCP0247,DEV0296,SUCCESS,,343.08,433.53,238,1,0,1,28.7
TXN000772,2026-08-31 14:03:00,CUST0096,Microbusiness,Cash-In,69.76,GHS,KasaPay,API,Northern,MER039,RCP0071,DEV0162,SUCCESS,,182.39,252.15,17,4,0,3,73.2
TXN000773,2026-08-01 03:38:00,CUST0090,Consumer,Cash-Out,239.98,GHS,KasaPay,POS,Western,MER052,RCP0077,DEV0357,SUCCESS,,882.3,642.32,553,3,0,3,77.7
TXN000774,2026-08-23 06:00:00,CUST0139,Microbusiness,Bank Transfer,81.83,GHS,MobiLink,Web,Northern,,RCP0004,DEV0135,SUCCESS,,1283.82,1201.99,1166,2,2,0,52.0
TXN000775,2026-08-27 05:40:00,CUST0054,Consumer,Bank Transfer,28.04,GHS,KasaPay,POS,Ashanti,,RCP0172,DEV0164,SUCCESS,,482.74,454.7,1870,1,2,3,73.2
TXN000776,2026-08-30 11:41:00,CUST0128,SME,P2P Transfer,65.41,GHS,KasaPay,USSD,Central,,RCP0083,DEV0099,SUCCESS,,391.81,326.4,1441,5,1,3,89.2
TXN000777,2026-08-14 03:18:00,CUST0063,Consumer,Cash-In,13.77,GHS,KasaPay,POS,Eastern,MER001,RCP0119,DEV0120,SUCCESS,,682.82,696.59,311,5,0,2,68.3
TXN000778,2026-08-04 16:08:00,CUST0016,SME,P2P Transfer,29.1,GHS,KasaPay,Mobile App,Central,,RCP0151,DEV0318,SUCCESS,,485.54,456.44,1582,3,1,1,57.9
TXN000779,2026-08-09 09:35:00,CUST0111,Consumer,Bank Transfer,139.8,GHS,KasaPay,POS,Greater Accra,,RCP0165,DEV0213,SUCCESS,,218.85,79.05,1037,2,2,3,93.0
TXN000780,2026-08-27 08:47:00,CUST0202,Microbusiness,Cash-In,66.01,GHS,SwiftCash,API,Central,MER002,RCP0248,DEV0297,SUCCESS,,302.02,368.03,820,4,0,2,63.3
TXN000781,2026-08-28 05:11:00,CUST0229,Microbusiness,Merchant Payment,178.42,GHS,KasaPay,Mobile App,Volta,MER011,RCP0144,DEV0036,SUCCESS,,394.52,216.1,1701,5,1,3,94.2
TXN000782,2026-08-20 17:58:00,CUST0107,Consumer,P2P Transfer,15.3,GHS,KasaPay,Web,Greater Accra,,RCP0047,DEV0241,SUCCESS,,593.56,578.26,660,3,1,2,62.0
TXN000783,2026-08-04 19:19:00,CUST0098,Consumer,Merchant Payment,66.28,GHS,KasaPay,API,Bono,MER042,RCP0183,DEV0207,SUCCESS,,496.21,429.93,1366,1,2,3,53.5
TXN000784,2026-08-04 18:42:00,CUST0237,Consumer,Cash-Out,54.37,GHS,ApexMoney,Mobile App,Ashanti,MER080,RCP0015,DEV0410,SUCCESS,,576.96,522.59,412,1,1,1,37.3
TXN000785,2026-08-15 19:45:00,CUST0205,Consumer,P2P Transfer,183.55,GHS,SwiftCash,USSD,Greater Accra,,RCP0219,DEV0191,FAILED,Insufficient Funds,157.02,157.02,848,1,1,0,47.3
TXN000786,2026-08-19 05:39:00,CUST0250,Consumer,P2P Transfer,144.29,GHS,KasaPay,Web,Greater Accra,,RCP0077,DEV0047,SUCCESS,,811.52,667.23,1233,3,2,1,71.6
TXN000787,2026-08-02 00:05:00,CUST0272,Consumer,Bank Transfer,140.6,GHS,KasaPay,API,Western,,RCP0188,DEV0314,SUCCESS,,494.01,353.41,1377,3,2,3,95.8
TXN000788,2026-08-22 06:27:00,CUST0247,SME,Cash-Out,301.93,GHS,SwiftCash,Mobile App,Ashanti,MER026,RCP0041,DEV0068,SUCCESS,,3342.69,3040.76,2023,3,1,2,64.9
TXN000789,2026-08-17 21:06:00,CUST0281,SME,P2P Transfer,59.57,GHS,SwiftCash,Mobile App,Greater Accra,,RCP0106,DEV0410,SUCCESS,,368.44,308.87,649,4,2,2,70.9
TXN000790,2026-08-01 09:09:00,CUST0125,Consumer,P2P Transfer,253.36,GHS,MobiLink,POS,Eastern,,RCP0181,DEV0173,REVERSED,Settlement Failure,628.03,628.03,1972,1,2,2,54.3
TXN000791,2026-08-03 23:11:00,CUST0119,Consumer,Bill Payment,33.53,GHS,KasaPay,Mobile App,Greater Accra,,RCP0161,DEV0354,SUCCESS,,4113.03,4079.5,1799,5,1,2,85.4
TXN000792,2026-08-15 02:00:00,CUST0097,Consumer,Cash-Out,32.5,GHS,ApexMoney,Mobile App,Ashanti,MER031,RCP0002,DEV0296,SUCCESS,,569.96,537.46,801,2,2,0,52.4
TXN000793,2026-08-23 09:36:00,CUST0071,Microbusiness,Cash-In,154.44,GHS,SwiftCash,Mobile App,Northern,MER051,RCP0009,DEV0210,FAILED,Insufficient Funds,468.38,468.38,321,3,1,1,57.9
TXN000794,2026-08-26 14:05:00,CUST0225,SME,Merchant Payment,22.67,GHS,KasaPay,Mobile App,Eastern,MER055,RCP0255,DEV0263,SUCCESS,,235.05,212.38,578,2,1,0,37.8
TXN000795,2026-08-14 08:53:00,CUST0215,Consumer,P2P Transfer,132.54,GHS,SwiftCash,USSD,Central,,RCP0137,DEV0083,SUCCESS,,1550.29,1417.75,1452,2,0,1,45.6
TXN000796,2026-08-10 03:44:00,CUST0241,Consumer,P2P Transfer,88.78,GHS,KasaPay,POS,Eastern,,RCP0222,DEV0034,SUCCESS,,206.58,117.8,1738,5,2,2,90.0
TXN000797,2026-08-31 00:25:00,CUST0051,Consumer,Cash-Out,202.57,GHS,SwiftCash,USSD,Bono,MER034,RCP0019,DEV0345,FAILED,Validation Error,678.81,678.81,1352,1,0,3,51.8
TXN000798,2026-08-15 05:09:00,CUST0148,Consumer,P2P Transfer,77.44,GHS,ApexMoney,POS,Greater Accra,,RCP0128,DEV0432,SUCCESS,,345.45,268.01,1599,3,2,0,60.2
TXN000799,2026-08-10 18:38:00,CUST0067,SME,P2P Transfer,85.43,GHS,KasaPay,USSD,Greater Accra,,RCP0150,DEV0007,SUCCESS,,427.52,342.09,237,3,2,2,79.67098020342058
TXN000800,2026-08-14 17:04:00,CUST0268,Microbusiness,Cash-Out,125.57,GHS,ApexMoney,Mobile App,Greater Accra,MER052,RCP0239,DEV0138,PENDING,Awaiting Confirmation,169.36,169.36,1119,3,2,0,53.7
TXN000801,2026-08-01 08:59:00,CUST0081,Consumer,Bill Payment,46.37,GHS,KasaPay,Mobile App,Ashanti,,RCP0185,DEV0162,SUCCESS,,1349.31,1302.94,1924,2,0,0,28.4
TXN000802,2026-08-10 08:38:00,CUST0044,Consumer,Cash-Out,44.69,GHS,SwiftCash,Mobile App,Eastern,MER026,RCP0163,DEV0162,SUCCESS,,400.07,355.38,865,2,1,3,79.2
TXN000803,2026-08-16 23:34:00,CUST0171,Consumer,Merchant Payment,121.91,GHS,KasaPay,Mobile App,Central,MER049,RCP0077,DEV0317,SUCCESS,,198.08,76.17,1979,5,2,2,99.0
TXN000804,2026-08-29 11:19:00,CUST0264,Consumer,Merchant Payment,79.45,GHS,KasaPay,Mobile App,Greater Accra,MER076,RCP0258,DEV0281,SUCCESS,,1260.82,1181.37,285,2,1,0,47.1
TXN000805,2026-08-23 21:14:00,CUST0275,Consumer,Merchant Payment,57.62,GHS,MobiLink,Mobile App,Greater Accra,MER070,RCP0085,DEV0359,SUCCESS,,337.61,279.99,2153,3,1,0,44.3
TXN000806,2026-08-25 05:16:00,CUST0029,Consumer,Merchant Payment,75.92,GHS,SwiftCash,Mobile App,Eastern,MER079,RCP0073,DEV0426,PENDING,Awaiting Confirmation,633.31,633.31,1730,2,1,0,32.4
TXN000807,2026-08-17 21:24:00,CUST0098,Consumer,Cash-In,315.88,GHS,KasaPay,POS,Bono,MER034,RCP0188,DEV0177,SUCCESS,,926.17,1242.05,1383,4,0,1,62.6
TXN000808,2026-08-04 10:16:00,CUST0047,SME,Merchant Payment,55.89,GHS,MobiLink,USSD,Greater Accra,MER010,RCP0259,DEV0299,SUCCESS,,703.12,647.23,1364,5,1,0,70.4
TXN000809,2026-08-13 02:50:00,CUST0093,Microbusiness,Cash-In,54.53,GHS,KasaPay,API,Greater Accra,MER018,RCP0222,DEV0226,SUCCESS,,94.87,149.4,2060,5,2,2,93.8
TXN000810,2026-08-31 21:47:00,CUST0161,Consumer,Bank Transfer,19.08,GHS,SwiftCash,POS,Greater Accra,,RCP0047,DEV0430,SUCCESS,,830.08,811.0,838,1,0,1,29.8
TXN000811,2026-08-02 08:51:00,CUST0085,Consumer,Bill Payment,78.57,GHS,ApexMoney,USSD,Ashanti,,RCP0212,DEV0160,FAILED,Network Timeout,456.93,456.93,375,1,0,2,32.2
TXN000812,2026-08-28 06:07:00,CUST0021,SME,P2P Transfer,142.36,GHS,ApexMoney,Mobile App,Greater Accra,,RCP0092,DEV0085,SUCCESS,,384.99,242.63,2022,2,0,0,36.2
TXN000813,2026-08-22 05:15:00,CUST0154,Microbusiness,Merchant Payment,165.8,GHS,ApexMoney,USSD,Ashanti,MER013,RCP0058,DEV0171,SUCCESS,,454.04,288.24,239,3,1,0,56.1
TXN000814,2026-08-09 19:13:00,CUST0016,SME,P2P Transfer,89.3,GHS,ApexMoney,Mobile App,Eastern,,RCP0243,DEV0279,FAILED,Validation Error,147.3,147.3,1456,1,0,0,18.9
TXN000815,2026-08-25 02:49:00,CUST0069,Consumer,Merchant Payment,183.54,GHS,KasaPay,USSD,Ashanti,MER053,RCP0247,DEV0430,REVERSED,Settlement Failure,569.14,569.14,596,5,1,0,60.4
TXN000816,2026-08-26 22:39:00,CUST0001,Consumer,P2P Transfer,151.65,GHS,ApexMoney,Mobile App,Ashanti,,RCP0096,DEV0373,SUCCESS,,177.1,25.45,2045,5,2,0,82.4
TXN000817,2026-08-02 08:09:00,CUST0027,Consumer,P2P Transfer,209.77,GHS,SwiftCash,USSD,Greater Accra,,RCP0007,DEV0009,SUCCESS,,397.67,187.9,2142,3,0,1,44.1
TXN000818,2026-08-04 07:10:00,CUST0131,Microbusiness,Cash-Out,188.04,GHS,ApexMoney,Mobile App,Volta,MER046,RCP0055,DEV0230,SUCCESS,,554.02,365.98,1051,4,0,3,84.7
TXN000819,2026-08-21 15:19:00,CUST0256,Microbusiness,Merchant Payment,309.35,GHS,ApexMoney,POS,Ashanti,MER068,RCP0141,DEV0072,SUCCESS,,1102.71,793.36,1180,3,0,2,56.3
TXN000820,2026-08-31 23:20:00,CUST0233,Consumer,Bank Transfer,70.51,GHS,MobiLink,Web,Greater Accra,,RCP0016,DEV0163,SUCCESS,,266.48,195.97,1008,4,1,1,63.7
TXN000821,2026-08-01 17:49:00,CUST0030,SME,P2P Transfer,26.36,GHS,SwiftCash,POS,Greater Accra,,RCP0059,DEV0425,FAILED,Validation Error,1463.65,1463.65,944,5,2,3,99.0
TXN000822,2026-08-21 15:16:00,CUST0011,SME,P2P Transfer,143.19,GHS,MobiLink,USSD,Eastern,,RCP0039,DEV0444,SUCCESS,,1002.39,859.2,2062,1,0,3,47.7
TXN000823,2026-08-05 05:34:00,CUST0102,Consumer,Merchant Payment,158.14,GHS,KasaPay,USSD,Northern,MER031,RCP0247,DEV0070,SUCCESS,,357.07,198.93,642,2,0,3,64.8
TXN000824,2026-08-21 03:41:00,CUST0196,Consumer,P2P Transfer,309.36,GHS,ApexMoney,Mobile App,Greater Accra,,RCP0093,DEV0064,FAILED,Insufficient Funds,214.53,214.53,2112,3,0,3,71.3
TXN000825,2026-08-20 07:44:00,CUST0225,Consumer,P2P Transfer,242.04,GHS,KasaPay,POS,Greater Accra,,RCP0099,DEV0314,FAILED,Insufficient Funds,166.86,166.86,1436,5,2,2,99.0
TXN000826,2026-08-03 19:17:00,CUST0247,Consumer,Bill Payment,425.66,GHS,KasaPay,USSD,Greater Accra,,RCP0110,DEV0185,SUCCESS,,604.15,178.49,2114,3,0,3,67.1
TXN000827,2026-08-22 02:27:00,CUST0103,Microbusiness,P2P Transfer,137.95,GHS,ApexMoney,Mobile App,Eastern,,RCP0004,DEV0195,SUCCESS,,283.45,145.5,1352,2,1,1,47.3
TXN000828,2026-08-28 19:23:00,CUST0051,Consumer,P2P Transfer,98.94,GHS,MobiLink,Mobile App,Volta,,RCP0141,DEV0394,SUCCESS,,1211.38,1112.44,1804,1,1,3,59.9
TXN000829,2026-08-27 18:24:00,CUST0008,SME,Cash-In,25.1,GHS,KasaPay,API,Ashanti,MER069,RCP0237,DEV0415,SUCCESS,,296.0,321.1,1085,3,0,0,36.4
TXN000830,2026-08-01 21:34:00,CUST0045,Microbusiness,Merchant Payment,105.84,GHS,SwiftCash,USSD,Ashanti,MER007,RCP0211,DEV0406,SUCCESS,,250.76,144.92,1025,2,1,1,58.8
TXN000831,2026-08-08 14:57:00,CUST0020,SME,Cash-In,50.93,GHS,KasaPay,USSD,Central,MER040,RCP0065,DEV0353,SUCCESS,,587.11,638.04,577,2,0,3,64.0
TXN000832,2026-08-08 11:10:00,CUST0259,Microbusiness,Merchant Payment,97.49,GHS,KasaPay,USSD,Central,MER053,RCP0004,DEV0442,SUCCESS,,294.55,197.06,474,5,1,0,64.5
TXN000833,2026-08-15 01:14:00,CUST0081,Consumer,Bank Transfer,85.31,GHS,ApexMoney,USSD,Greater Accra,,RCP0201,DEV0324,SUCCESS,,495.92,410.61,97,3,0,2,51.4
TXN000834,2026-08-05 10:24:00,CUST0247,Consumer,P2P Transfer,121.63,GHS,MobiLink,USSD,Greater Accra,,RCP0218,DEV0399,SUCCESS,,1032.25,910.62,852,1,2,1,61.2
TXN000835,2026-08-27 11:38:00,CUST0166,Microbusiness,Merchant Payment,74.98,GHS,KasaPay,Mobile App,Ashanti,MER040,RCP0239,DEV0244,SUCCESS,,538.03,463.05,2173,1,2,0,43.8
TXN000836,2026-08-25 01:54:00,CUST0162,Consumer,Cash-Out,180.33,GHS,ApexMoney,USSD,Western,MER056,RCP0150,DEV0023,SUCCESS,,539.54,359.21,2065,2,0,0,30.2
TXN000837,2026-08-26 01:24:00,CUST0137,Microbusiness,Bank Transfer,8.05,GHS,ApexMoney,POS,Central,,RCP0123,DEV0368,SUCCESS,,574.71,566.66,1523,1,1,2,60.3
TXN000838,2026-08-07 03:27:00,CUST0246,Consumer,Merchant Payment,95.73,GHS,SwiftCash,Mobile App,Eastern,MER048,RCP0196,DEV0419,SUCCESS,,138.4,42.67,809,3,1,2,63.9
TXN000839,2026-08-01 10:50:00,CUST0014,Consumer,Cash-In,226.36,GHS,MobiLink,POS,Western,MER020,RCP0179,DEV0141,REVERSED,Duplicate Transaction,661.08,661.08,1152,3,0,2,55.1
TXN000840,2026-08-29 05:30:00,CUST0028,Consumer,P2P Transfer,399.23,GHS,MobiLink,Mobile App,Greater Accra,,RCP0197,DEV0193,SUCCESS,,555.54,156.31,1668,5,2,0,73.6
TXN000841,2026-08-09 22:56:00,CUST0128,Microbusiness,P2P Transfer,151.74,GHS,SwiftCash,POS,Greater Accra,,RCP0074,DEV0258,SUCCESS,,962.63,810.89,19,2,1,1,42.1
TXN000842,2026-08-21 08:15:00,CUST0119,Consumer,P2P Transfer,341.09,GHS,MobiLink,USSD,Greater Accra,,RCP0234,DEV0294,SUCCESS,,776.16,435.07,2031,2,0,0,32.9
TXN000843,2026-08-29 04:37:00,CUST0164,Consumer,Cash-Out,94.03,GHS,SwiftCash,POS,Northern,MER004,RCP0010,DEV0304,SUCCESS,,423.49,329.46,1916,4,1,0,52.4
TXN000844,2026-08-02 02:54:00,CUST0222,Consumer,P2P Transfer,81.65,GHS,ApexMoney,USSD,Eastern,,RCP0025,DEV0178,SUCCESS,,1068.8,987.15,2135,4,2,1,72.6
TXN000845,2026-08-01 04:04:00,CUST0177,Microbusiness,Cash-Out,127.74,GHS,KasaPay,API,Greater Accra,MER049,RCP0170,DEV0385,FAILED,Validation Error,395.65,395.65,221,1,1,2,46.8
TXN000846,2026-08-01 04:02:00,CUST0078,Consumer,P2P Transfer,81.23,GHS,ApexMoney,USSD,Greater Accra,,RCP0149,DEV0367,SUCCESS,,593.1,511.87,2085,1,2,1,48.5
TXN000847,2026-08-05 20:18:00,CUST0099,Consumer,Bank Transfer,41.89,GHS,ApexMoney,POS,Central,,RCP0144,DEV0425,SUCCESS,,390.19,348.3,1355,1,0,0,18.0
TXN000848,2026-08-02 14:26:00,CUST0226,Consumer,Bank Transfer,52.56,GHS,KasaPay,POS,Central,,RCP0236,DEV0260,SUCCESS,,696.67,644.11,1227,4,2,0,68.5
TXN000849,2026-08-26 10:03:00,CUST0061,Consumer,P2P Transfer,14715.59,GHS,ApexMoney,Mobile App,Eastern,,RCP0226,DEV0035,SUCCESS,,371.53,339.88,407,2,0,1,73.29795635131941
TXN000850,2026-08-19 18:48:00,CUST0152,Consumer,P2P Transfer,127.63,GHS,MobiLink,Mobile App,Greater Accra,,RCP0187,DEV0381,FAILED,Validation Error,1695.38,1695.38,1089,5,1,1,74.3
TXN000851,2026-08-31 09:09:00,CUST0162,Consumer,P2P Transfer,82.24,GHS,MobiLink,USSD,Volta,,RCP0043,DEV0036,SUCCESS,,2237.29,2155.05,808,3,1,3,90.1
TXN000852,2026-08-25 20:18:00,CUST0226,Consumer,Bank Transfer,59.96,GHS,KasaPay,Mobile App,Central,,RCP0026,DEV0088,SUCCESS,,949.04,889.08,2172,5,0,2,72.1
TXN000853,2026-08-30 20:36:00,CUST0215,Microbusiness,P2P Transfer,50.32,GHS,SwiftCash,Mobile App,Eastern,,RCP0037,DEV0129,FAILED,Limit Exceeded,1565.52,1565.52,757,2,2,3,81.6
TXN000854,2026-08-08 09:28:00,CUST0140,Microbusiness,Cash-In,125.12,GHS,KasaPay,Mobile App,Eastern,MER063,RCP0160,DEV0084,FAILED,Validation Error,155.34,155.34,491,3,1,0,53.3
TXN000855,2026-08-09 22:07:00,CUST0093,Consumer,Merchant Payment,158.12,GHS,ApexMoney,USSD,Northern,MER019,RCP0185,DEV0326,SUCCESS,,169.69,11.57,2082,1,1,1,41.6
TXN000856,2026-08-27 07:57:00,CUST0111,Microbusiness,Bank Transfer,31.16,GHS,ApexMoney,Mobile App,Volta,,RCP0208,DEV0199,SUCCESS,,387.16,356.0,424,5,1,0,66.6
TXN000857,2026-08-08 14:11:00,CUST0124,Consumer,Merchant Payment,27.26,GHS,ApexMoney,POS,Eastern,MER066,RCP0027,DEV0099,SUCCESS,,508.22,480.96,1991,3,0,0,39.1
TXN000858,2026-08-02 18:34:00,CUST0066,Consumer,Merchant Payment,183.34,GHS,ApexMoney,USSD,Ashanti,MER063,RCP0072,DEV0003,PENDING,Awaiting Confirmation,424.68,424.68,2119,1,1,3,61.2
TXN000859,2026-08-21 17:49:00,CUST0188,Microbusiness,Bill Payment,25.31,GHS,ApexMoney,POS,Ashanti,,RCP0088,DEV0098,SUCCESS,,143.8,118.49,686,4,0,1,52.5
TXN000860,2026-08-25 19:55:00,CUST0063,SME,P2P Transfer,129.72,GHS,ApexMoney,Mobile App,Western,,RCP0164,DEV0312,SUCCESS,,1168.75,1039.03,1520,5,2,2,90.0
TXN000861,2026-08-31 00:20:00,CUST0195,Consumer,Bank Transfer,321.94,GHS,ApexMoney,USSD,Eastern,,RCP0013,DEV0358,SUCCESS,,2479.09,2157.15,1755,4,2,1,76.1
TXN000862,2026-08-29 18:16:00,CUST0226,Consumer,P2P Transfer,322.58,GHS,MobiLink,Mobile App,Greater Accra,,RCP0218,DEV0134,SUCCESS,,1287.86,965.28,1186,5,2,0,63.2
TXN000863,2026-08-04 17:27:00,CUST0289,Consumer,Merchant Payment,152.5,GHS,ApexMoney,POS,Greater Accra,MER031,RCP0021,DEV0033,SUCCESS,,1112.25,959.75,1537,2,0,3,67.0
TXN000864,2026-08-24 22:26:00,CUST0036,Consumer,Bank Transfer,148.78,GHS,ApexMoney,Mobile App,Northern,,RCP0136,DEV0251,SUCCESS,,583.82,435.04,303,3,1,2,80.0
TXN000865,2026-08-27 05:31:00,CUST0228,Consumer,Cash-Out,552.32,GHS,KasaPay,API,Northern,MER050,RCP0242,DEV0353,FAILED,Insufficient Funds,261.84,261.84,1142,5,1,2,84.0
TXN000866,2026-08-22 15:24:00,CUST0026,Consumer,Cash-Out,11.2,GHS,KasaPay,Mobile App,Volta,MER063,RCP0051,DEV0032,SUCCESS,,520.3,509.1,1136,4,2,2,89.0
TXN000867,2026-08-26 09:55:00,CUST0102,Microbusiness,P2P Transfer,54.89,GHS,KasaPay,USSD,Ashanti,,RCP0179,DEV0358,SUCCESS,,2390.34,2335.45,1252,4,1,1,72.5
TXN000868,2026-08-26 23:27:00,CUST0053,Consumer,Merchant Payment,167.54,GHS,ApexMoney,Mobile App,Western,MER070,RCP0143,DEV0077,SUCCESS,,378.42,210.88,2078,4,2,1,68.1
TXN000869,2026-08-14 20:14:00,CUST0049,Consumer,Merchant Payment,61.15,GHS,SwiftCash,USSD,Western,MER036,RCP0213,DEV0117,SUCCESS,,350.3,289.15,1816,4,0,3,79.6
TXN000870,2026-08-02 05:52:00,CUST0053,Microbusiness,Cash-In,233.65,GHS,KasaPay,USSD,Greater Accra,MER020,RCP0153,DEV0281,SUCCESS,,1130.57,1364.22,1332,1,2,0,40.4
TXN000871,2026-08-15 03:24:00,CUST0014,Consumer,Merchant Payment,78.77,GHS,SwiftCash,Mobile App,Greater Accra,MER059,RCP0220,DEV0024,SUCCESS,,1188.28,1109.51,896,2,1,1,63.7
TXN000872,2026-08-07 06:07:00,CUST0247,Consumer,Merchant Payment,91.1,GHS,KasaPay,Mobile App,Bono,MER011,RCP0105,DEV0138,SUCCESS,,260.88,169.78,899,4,2,1,74.9
TXN000873,2026-08-04 12:36:00,CUST0019,Consumer,Merchant Payment,64.49,GHS,KasaPay,Mobile App,Greater Accra,MER033,RCP0043,DEV0063,SUCCESS,,405.0,340.51,59,2,0,2,54.4
TXN000874,2026-08-04 20:56:00,CUST0120,Consumer,P2P Transfer,52.24,GHS,KasaPay,Mobile App,Eastern,,RCP0177,DEV0097,SUCCESS,,338.18,285.94,1219,4,0,3,72.9
TXN000875,2026-08-22 14:50:00,CUST0210,Consumer,Merchant Payment,51.16,GHS,ApexMoney,API,Eastern,MER062,RCP0251,DEV0349,SUCCESS,,519.19,468.03,566,3,1,3,89.2
TXN000876,2026-08-16 15:22:00,CUST0298,Consumer,P2P Transfer,102.56,GHS,KasaPay,USSD,Central,,RCP0113,DEV0103,SUCCESS,,1127.51,1024.95,1951,4,1,2,71.9
TXN000877,2026-08-17 17:38:00,CUST0257,Microbusiness,Bank Transfer,42.17,GHS,ApexMoney,Mobile App,Greater Accra,,RCP0213,DEV0020,SUCCESS,,269.61,227.44,1705,2,0,0,38.0
TXN000878,2026-08-24 02:25:00,CUST0042,Consumer,Cash-In,183.14,GHS,ApexMoney,API,Central,MER003,RCP0228,DEV0097,SUCCESS,,1115.71,1298.85,2009,2,1,3,71.8
TXN000879,2026-08-17 23:54:00,CUST0297,Microbusiness,P2P Transfer,141.92,GHS,SwiftCash,Mobile App,Greater Accra,,RCP0168,DEV0040,SUCCESS,,531.78,389.86,2190,4,1,1,68.4
TXN000880,2026-08-20 12:43:00,CUST0197,Microbusiness,Cash-Out,207.37,GHS,ApexMoney,USSD,Western,MER067,RCP0206,DEV0281,SUCCESS,,2820.43,2613.06,889,1,0,1,33.4
TXN000881,2026-08-03 16:00:00,CUST0054,Consumer,Bank Transfer,31.2,GHS,ApexMoney,POS,Greater Accra,,RCP0146,DEV0438,SUCCESS,,625.86,594.66,951,2,1,3,64.0
TXN000882,2026-08-27 09:14:00,CUST0135,Consumer,P2P Transfer,19.21,GHS,SwiftCash,Web,Central,,RCP0209,DEV0076,SUCCESS,,458.2,438.99,1343,5,2,1,68.5
TXN000883,2026-08-14 21:53:00,CUST0276,Microbusiness,P2P Transfer,81.16,GHS,KasaPay,POS,Western,,RCP0088,DEV0328,FAILED,Invalid PIN,758.27,758.27,955,1,0,1,38.4
TXN000884,2026-08-05 19:28:00,CUST0118,Consumer,P2P Transfer,957.17,GHS,SwiftCash,USSD,Greater Accra,,RCP0137,DEV0164,FAILED,Insufficient Funds,382.66,382.66,625,3,2,3,83.1
TXN000885,2026-08-26 05:06:00,CUST0056,Consumer,P2P Transfer,238.96,GHS,MobiLink,API,Greater Accra,,RCP0021,DEV0033,FAILED,Insufficient Funds,128.19,128.19,1560,1,1,1,49.0
TXN000886,2026-08-23 18:33:00,CUST0263,Consumer,Cash-Out,50.84,GHS,MobiLink,Mobile App,Western,MER001,RCP0051,DEV0310,SUCCESS,,411.42,360.58,1000,4,0,2,67.1
TXN000887,2026-08-02 15:27:00,CUST0286,Microbusiness,Bill Payment,116.84,GHS,KasaPay,API,Greater Accra,,RCP0150,DEV0095,SUCCESS,,406.58,289.74,2072,1,2,0,50.2
TXN000888,2026-08-06 23:37:00,CUST0293,Consumer,P2P Transfer,151.18,GHS,ApexMoney,Web,Greater Accra,,RCP0188,DEV0232,FAILED,Insufficient Funds,149.27,149.27,495,3,2,3,90.8
TXN000889,2026-08-01 11:43:00,CUST0287,Consumer,Cash-Out,25.45,GHS,KasaPay,Web,Ashanti,MER009,RCP0008,DEV0229,SUCCESS,,466.48,441.03,984,3,2,1,53.2
TXN000890,2026-08-09 09:26:00,CUST0262,Consumer,P2P Transfer,11324.53,GHS,SwiftCash,Mobile App,Volta,,RCP0018,DEV0269,FAILED,Insufficient Funds,104.55,104.55,1176,4,2,2,88.7
TXN000891,2026-08-04 02:23:00,CUST0137,Microbusiness,Cash-In,70.65,GHS,SwiftCash,Mobile App,Eastern,MER047,RCP0002,DEV0061,REVERSED,Settlement Failure,379.64,379.64,1998,1,0,2,38.9
TXN000892,2026-08-23 00:10:00,CUST0058,Consumer,Cash-Out,75.41,GHS,ApexMoney,POS,Ashanti,MER040,RCP0135,DEV0113,SUCCESS,,591.52,516.11,1278,3,0,1,55.0
TXN000893,2026-08-17 04:46:00,CUST0186,Microbusiness,Merchant Payment,83.11,GHS,ApexMoney,USSD,Bono,MER018,RCP0087,DEV0332,SUCCESS,,529.93,446.82,165,3,0,1,51.5
TXN000894,2026-08-31 09:16:00,CUST0067,Consumer,P2P Transfer,215.48,GHS,ApexMoney,USSD,Ashanti,,RCP0014,DEV0420,SUCCESS,,362.02,146.54,753,2,2,0,54.6
TXN000895,2026-08-24 05:34:00,CUST0142,Consumer,Cash-In,42.87,GHS,ApexMoney,Web,Ashanti,MER038,RCP0206,DEV0006,REVERSED,Settlement Failure,462.13,462.13,1951,2,0,1,38.4
TXN000896,2026-08-19 22:59:00,CUST0197,Consumer,Bill Payment,19.09,GHS,ApexMoney,USSD,Ashanti,,RCP0137,DEV0187,SUCCESS,,273.68,254.59,609,4,0,1,50.5
TXN000897,2026-08-16 18:55:00,CUST0284,Consumer,P2P Transfer,107.18,GHS,MobiLink,Mobile App,Greater Accra,,RCP0003,DEV0397,SUCCESS,,496.76,389.58,759,3,2,1,65.4
TXN000898,2026-08-02 16:32:00,CUST0087,Consumer,P2P Transfer,14.34,GHS,ApexMoney,USSD,Greater Accra,,RCP0178,DEV0130,SUCCESS,,514.69,500.35,344,3,0,1,37.2
TXN000899,2026-08-03 04:13:00,CUST0076,Microbusiness,P2P Transfer,63.06,GHS,KasaPay,Mobile App,Central,,RCP0237,DEV0202,SUCCESS,,250.84,187.78,1586,5,1,2,79.5
TXN000900,2026-08-20 02:32:00,CUST0221,Consumer,Cash-In,223.37,GHS,MobiLink,Mobile App,Greater Accra,MER010,RCP0109,DEV0407,SUCCESS,,602.31,825.68,319,3,0,3,57.2
TXN000901,2026-08-01 03:15:00,CUST0002,SME,Cash-In,133.25,GHS,KasaPay,Mobile App,Central,MER034,RCP0246,DEV0437,SUCCESS,,599.5,732.75,818,5,0,3,73.4
TXN000902,2026-08-02 07:30:00,CUST0170,Consumer,Bank Transfer,197.55,GHS,KasaPay,Web,Greater Accra,,RCP0108,DEV0295,SUCCESS,,435.0,237.45,1569,5,1,3,92.7
TXN000903,2026-08-07 19:02:00,CUST0224,Consumer,Cash-Out,138.01,GHS,SwiftCash,POS,Ashanti,MER018,RCP0021,DEV0313,SUCCESS,,3028.39,2890.38,1971,3,2,2,80.2
TXN000904,2026-08-28 09:48:00,CUST0166,Consumer,Bank Transfer,631.93,GHS,ApexMoney,USSD,Greater Accra,,RCP0032,DEV0277,FAILED,Insufficient Funds,443.4,443.4,499,2,0,1,39.8
TXN000905,2026-08-15 05:26:00,CUST0116,Microbusiness,Bank Transfer,49.4,GHS,KasaPay,Mobile App,Ashanti,,RCP0018,DEV0128,SUCCESS,,399.64,350.24,740,3,0,2,54.0
TXN000906,2026-08-22 23:55:00,CUST0249,Consumer,P2P Transfer,114.25,GHS,SwiftCash,POS,Central,,RCP0079,DEV0400,SUCCESS,,358.96,244.71,272,1,1,0,27.3
TXN000907,2026-08-13 18:12:00,CUST0112,Consumer,Cash-In,56.13,GHS,SwiftCash,Web,Ashanti,MER056,RCP0100,DEV0016,FAILED,Limit Exceeded,237.89,237.89,971,4,1,3,82.1
TXN000908,2026-08-06 08:48:00,CUST0214,Consumer,P2P Transfer,183.7,GHS,SwiftCash,Web,Greater Accra,,RCP0116,DEV0027,PENDING,Awaiting Confirmation,824.21,824.21,2197,2,1,2,54.1
TXN000909,2026-08-12 12:08:00,CUST0140,Consumer,Merchant Payment,77.3,GHS,MobiLink,USSD,Greater Accra,MER028,RCP0125,DEV0271,SUCCESS,,294.51,217.21,679,5,1,0,64.6
TXN000910,2026-08-03 20:14:00,CUST0008,Consumer,Bill Payment,351.08,GHS,KasaPay,Web,Western,,RCP0224,DEV0377,FAILED,Insufficient Funds,321.83,321.83,582,4,2,1,66.9
TXN000911,2026-08-24 21:04:00,CUST0160,Microbusiness,Cash-Out,51.87,GHS,SwiftCash,USSD,Greater Accra,MER012,RCP0004,DEV0367,SUCCESS,,329.09,277.22,888,3,1,1,62.2
TXN000912,2026-08-06 16:32:00,CUST0015,Consumer,Bill Payment,269.36,GHS,KasaPay,USSD,Western,,RCP0233,DEV0306,FAILED,Insufficient Funds,235.4,235.4,1972,1,2,1,48.6
TXN000913,2026-08-12 16:01:00,CUST0280,Microbusiness,Merchant Payment,134.85,GHS,SwiftCash,Web,Greater Accra,MER047,RCP0062,DEV0170,FAILED,Insufficient Funds,132.51,132.51,1210,1,2,0,45.3
TXN000914,2026-08-31 09:08:00,CUST0181,Consumer,Cash-In,79.23,GHS,SwiftCash,Mobile App,Greater Accra,MER011,RCP0247,DEV0162,SUCCESS,,348.21,427.44,1346,4,1,0,62.3
TXN000915,2026-08-19 08:25:00,CUST0112,Microbusiness,Merchant Payment,129.16,GHS,SwiftCash,Mobile App,Central,MER046,RCP0036,DEV0192,SUCCESS,,948.61,819.45,1720,4,0,1,58.0
TXN000916,2026-08-15 05:10:00,CUST0146,SME,P2P Transfer,101.7,GHS,MobiLink,Mobile App,Ashanti,,RCP0026,DEV0116,SUCCESS,,571.2,469.5,1577,2,1,1,54.8
TXN000917,2026-08-17 20:00:00,CUST0186,Consumer,P2P Transfer,110.23,GHS,KasaPay,USSD,Greater Accra,,RCP0032,DEV0189,SUCCESS,,1588.32,1478.09,1323,1,1,3,47.6
TXN000918,2026-08-25 07:21:00,CUST0079,SME,Cash-In,68.32,GHS,SwiftCash,USSD,Volta,MER003,RCP0077,DEV0048,SUCCESS,,865.42,933.74,1240,2,1,1,47.0
TXN000919,2026-08-08 21:20:00,CUST0087,Microbusiness,P2P Transfer,44.86,GHS,ApexMoney,POS,Greater Accra,,RCP0244,DEV0144,SUCCESS,,729.95,685.09,1180,4,1,1,72.6
TXN000920,2026-08-20 17:29:00,CUST0126,Consumer,Bill Payment,61.26,GHS,KasaPay,USSD,Ashanti,,RCP0120,DEV0424,SUCCESS,,2022.29,1961.03,410,3,1,3,79.1
TXN000921,2026-08-28 01:16:00,CUST0078,Consumer,P2P Transfer,19.48,GHS,SwiftCash,Mobile App,Ashanti,,RCP0043,DEV0319,REVERSED,Network Timeout,458.12,458.12,920,1,0,3,61.1
TXN000922,2026-08-18 17:52:00,CUST0228,Consumer,P2P Transfer,166.61,GHS,SwiftCash,Web,Ashanti,,RCP0167,DEV0064,SUCCESS,,516.62,350.01,1865,1,1,0,43.2
TXN000923,2026-08-14 20:13:00,CUST0032,Consumer,Cash-Out,28.51,GHS,KasaPay,Mobile App,Western,MER038,RCP0132,DEV0129,SUCCESS,,488.53,460.02,101,1,2,0,44.8
TXN000924,2026-08-05 11:58:00,CUST0248,Consumer,P2P Transfer,67.69,GHS,KasaPay,Web,Greater Accra,,RCP0183,DEV0117,SUCCESS,,1568.45,1500.76,1824,4,2,0,65.5
TXN000925,2026-08-08 16:43:00,CUST0105,Consumer,Bank Transfer,141.29,GHS,ApexMoney,Mobile App,Volta,,RCP0193,DEV0127,SUCCESS,,493.68,352.39,1251,4,2,1,70.2
TXN000926,2026-08-30 07:50:00,CUST0169,Consumer,Cash-Out,166.25,GHS,ApexMoney,USSD,Eastern,MER063,RCP0204,DEV0311,SUCCESS,,303.02,136.77,779,3,2,2,74.1
TXN000927,2026-08-17 18:41:00,CUST0048,Consumer,P2P Transfer,18.02,GHS,ApexMoney,USSD,Volta,,RCP0040,DEV0403,SUCCESS,,765.67,747.65,264,4,2,1,73.6
TXN000928,2026-08-10 08:11:00,CUST0116,Consumer,Cash-Out,75.33,GHS,MobiLink,Web,Western,MER058,RCP0129,DEV0320,FAILED,Network Timeout,267.15,267.15,1684,1,0,0,19.4
TXN000929,2026-08-13 23:15:00,CUST0227,Consumer,Cash-In,120.4,GHS,ApexMoney,Mobile App,Volta,MER031,RCP0164,DEV0220,FAILED,Recipient Unavailable,735.17,735.17,16,3,2,0,53.5
TXN000930,2026-08-18 22:02:00,CUST0082,SME,Cash-Out,85.13,GHS,MobiLink,Web,Eastern,MER001,RCP0145,DEV0073,SUCCESS,,672.08,586.95,1201,2,0,2,51.4
TXN000931,2026-08-17 15:56:00,CUST0040,Consumer,Bank Transfer,255.31,GHS,ApexMoney,USSD,Ashanti,,RCP0252,DEV0065,SUCCESS,,427.5,172.19,369,5,0,1,74.2
TXN000932,2026-08-22 16:37:00,CUST0157,Consumer,Cash-Out,40.51,GHS,SwiftCash,USSD,Ashanti,MER003,RCP0249,DEV0367,SUCCESS,,753.22,712.71,2001,3,0,0,44.6
TXN000933,2026-08-08 23:34:00,CUST0049,Consumer,Cash-In,14.27,GHS,KasaPay,USSD,Eastern,MER030,RCP0211,DEV0305,SUCCESS,,161.44,175.71,413,5,1,2,81.1
TXN000934,2026-08-21 03:01:00,CUST0095,SME,Merchant Payment,162.19,GHS,SwiftCash,Mobile App,Ashanti,MER016,RCP0063,DEV0230,SUCCESS,,556.81,394.62,1769,3,0,2,63.1
TXN000935,2026-08-14 17:21:00,CUST0136,Consumer,Cash-Out,51.6,GHS,SwiftCash,USSD,Central,MER047,RCP0137,DEV0260,FAILED,Recipient Unavailable,348.25,348.25,1269,3,1,1,60.1
TXN000936,2026-08-30 03:48:00,CUST0170,Consumer,Bill Payment,18.27,GHS,SwiftCash,Mobile App,Greater Accra,,RCP0209,DEV0382,SUCCESS,,4216.23,4197.96,104,5,0,3,81.8
TXN000937,2026-08-05 21:29:00,CUST0192,Consumer,Cash-In,71.18,GHS,MobiLink,Mobile App,Western,MER008,RCP0070,DEV0367,SUCCESS,,553.84,625.02,1588,5,0,3,81.4
TXN000938,2026-08-05 14:26:00,CUST0203,Consumer,Cash-Out,231.82,GHS,KasaPay,USSD,Greater Accra,MER043,RCP0185,DEV0040,FAILED,Service Unavailable,315.04,315.04,1936,3,1,0,47.8
TXN000939,2026-08-15 07:28:00,CUST0254,Microbusiness,Merchant Payment,27.83,GHS,ApexMoney,USSD,Volta,MER080,RCP0065,DEV0178,FAILED,Network Timeout,175.26,175.26,498,2,1,3,71.9
TXN000940,2026-08-16 18:12:00,CUST0020,Consumer,Cash-Out,593.24,GHS,ApexMoney,Mobile App,Greater Accra,MER004,RCP0037,DEV0020,SUCCESS,,1311.67,718.43,2131,4,1,0,57.8
TXN000941,2026-08-22 10:00:00,CUST0109,Microbusiness,Bill Payment,39.96,GHS,SwiftCash,Mobile App,Greater Accra,,RCP0063,DEV0174,SUCCESS,,378.98,339.02,1759,1,1,1,37.6
TXN000942,2026-08-13 12:36:00,CUST0001,Consumer,P2P Transfer,87.7,GHS,KasaPay,Mobile App,Western,,RCP0240,DEV0287,SUCCESS,,272.19,184.49,1636,2,1,3,63.3
TXN000943,2026-08-29 07:48:00,CUST0003,SME,P2P Transfer,28.9,GHS,KasaPay,Mobile App,Western,,RCP0258,DEV0094,SUCCESS,,634.11,605.21,749,5,0,3,83.8
TXN000944,2026-08-15 16:46:00,CUST0064,Consumer,Cash-In,84.38,GHS,KasaPay,USSD,Central,MER040,RCP0222,DEV0068,SUCCESS,,802.14,886.52,277,5,1,0,67.6
TXN000945,2026-08-05 00:13:00,CUST0180,SME,Merchant Payment,72.7,GHS,KasaPay,Mobile App,Bono,MER068,RCP0071,DEV0221,SUCCESS,,792.72,720.02,953,3,2,0,57.1
TXN000946,2026-08-04 16:41:00,CUST0269,Consumer,Cash-In,22.96,GHS,SwiftCash,Web,Greater Accra,MER059,RCP0202,DEV0237,SUCCESS,,500.1,523.06,1779,2,0,0,24.2
TXN000947,2026-08-31 04:12:00,CUST0233,Consumer,P2P Transfer,899.6,GHS,SwiftCash,Mobile App,Western,,RCP0057,DEV0322,FAILED,Insufficient Funds,555.24,555.24,1296,5,0,1,71.5
TXN000948,2026-08-05 03:45:00,CUST0194,Consumer,Merchant Payment,53.46,GHS,SwiftCash,Mobile App,Ashanti,MER061,RCP0033,DEV0007,SUCCESS,,586.42,532.96,1429,2,2,1,66.2
TXN000949,2026-08-30 09:12:00,CUST0234,Microbusiness,Cash-In,53.5,GHS,SwiftCash,Web,Ashanti,MER055,RCP0068,DEV0112,SUCCESS,,634.16,687.66,1721,1,1,1,30.1
TXN000950,2026-08-09 14:53:00,CUST0052,Microbusiness,Cash-In,185.62,GHS,MobiLink,Mobile App,Ashanti,MER041,RCP0037,DEV0351,SUCCESS,,677.67,863.29,755,1,0,1,40.0
TXN000951,2026-08-03 21:29:00,CUST0252,Consumer,Cash-Out,380.74,GHS,KasaPay,USSD,Greater Accra,MER036,RCP0166,DEV0307,SUCCESS,,1119.73,738.99,96,1,2,2,59.7
TXN000952,2026-08-10 10:42:00,CUST0268,Consumer,Cash-Out,212.19,GHS,MobiLink,API,Eastern,MER075,RCP0177,DEV0405,SUCCESS,,514.05,301.86,1946,5,0,3,83.1
TXN000953,2026-08-20 01:20:00,CUST0029,Consumer,Cash-In,7273.5,GHS,ApexMoney,API,Central,MER070,RCP0010,DEV0367,REVERSED,Network Timeout,267.04,267.04,1355,1,1,2,81.41958188122754
TXN000954,2026-08-14 06:21:00,CUST0141,Consumer,Bank Transfer,97.69,GHS,SwiftCash,POS,Greater Accra,,RCP0028,DEV0378,SUCCESS,,442.21,344.52,1250,2,1,1,59.9
TXN000955,2026-08-25 08:28:00,CUST0250,Microbusiness,Cash-In,16.46,GHS,SwiftCash,Mobile App,Volta,MER055,RCP0125,DEV0230,SUCCESS,,867.26,883.72,1267,4,0,2,71.0
TXN000956,2026-08-19 22:34:00,CUST0143,Consumer,Cash-In,175.29,GHS,KasaPay,USSD,Ashanti,MER029,RCP0030,DEV0432,SUCCESS,,129.04,304.33,1878,4,2,2,86.4
TXN000957,2026-08-13 10:10:00,CUST0253,Consumer,Cash-In,20.29,GHS,ApexMoney,API,Greater Accra,MER009,RCP0215,DEV0188,FAILED,Limit Exceeded,129.6,129.6,1695,5,1,3,83.7
TXN000958,2026-08-20 16:09:00,CUST0281,Consumer,P2P Transfer,41.15,GHS,KasaPay,API,Eastern,,RCP0104,DEV0407,SUCCESS,,981.13,939.98,1479,5,0,3,69.8
TXN000959,2026-08-31 02:46:00,CUST0143,Consumer,P2P Transfer,81.23,GHS,KasaPay,Mobile App,Greater Accra,,RCP0107,DEV0177,SUCCESS,,1540.85,1459.62,1723,3,2,1,73.3
TXN000960,2026-08-13 18:23:00,CUST0018,SME,Cash-In,118.9,GHS,MobiLink,Mobile App,Greater Accra,MER030,RCP0002,DEV0200,FAILED,Insufficient Funds,190.78,190.78,645,2,1,3,76.1
TXN000961,2026-08-05 18:09:00,CUST0103,Consumer,Bank Transfer,65.25,GHS,KasaPay,Mobile App,Central,,RCP0182,DEV0309,SUCCESS,,531.31,466.06,1570,1,2,3,65.1
TXN000962,2026-08-13 16:08:00,CUST0065,SME,Cash-Out,296.26,GHS,ApexMoney,Mobile App,Greater Accra,MER018,RCP0187,DEV0180,SUCCESS,,365.16,68.9,2145,5,2,0,73.4
TXN000963,2026-08-27 01:02:00,CUST0143,Microbusiness,P2P Transfer,150.62,GHS,KasaPay,POS,Greater Accra,,RCP0196,DEV0067,SUCCESS,,405.2,254.58,528,2,0,2,45.7
TXN000964,2026-08-07 17:54:00,CUST0176,Consumer,Cash-In,140.9,GHS,KasaPay,Mobile App,Central,MER043,RCP0140,DEV0404,PENDING,Awaiting Confirmation,619.65,619.65,1262,5,2,0,71.5
TXN000965,2026-08-30 10:09:00,CUST0140,Consumer,P2P Transfer,28.65,GHS,ApexMoney,Mobile App,Greater Accra,,RCP0070,DEV0204,SUCCESS,,186.86,158.21,1503,2,0,1,46.4
TXN000966,2026-08-19 05:41:00,CUST0059,Microbusiness,Cash-Out,345.32,GHS,KasaPay,Mobile App,Western,MER031,RCP0021,DEV0418,FAILED,Insufficient Funds,214.77,214.77,1144,4,1,0,58.3
TXN000967,2026-08-19 15:34:00,CUST0091,Microbusiness,Bank Transfer,41.16,GHS,KasaPay,USSD,Western,,RCP0082,DEV0180,SUCCESS,,393.1,351.94,2131,4,1,1,64.6
TXN000968,2026-08-10 19:52:00,CUST0204,Consumer,Cash-In,356.71,GHS,ApexMoney,Mobile App,Greater Accra,MER039,RCP0141,DEV0438,SUCCESS,,441.85,798.56,896,4,1,2,90.9
TXN000969,2026-08-29 12:49:00,CUST0009,SME,Cash-In,454.35,GHS,KasaPay,USSD,Ashanti,MER077,RCP0031,DEV0272,SUCCESS,,211.78,666.13,491,4,0,1,47.4
TXN000970,2026-08-02 02:49:00,CUST0065,Consumer,Merchant Payment,125.93,GHS,KasaPay,Mobile App,Greater Accra,MER062,RCP0015,DEV0346,SUCCESS,,890.9,764.97,312,2,0,0,34.3
TXN000971,2026-08-10 06:12:00,CUST0268,Consumer,Merchant Payment,195.82,GHS,SwiftCash,API,Eastern,MER007,RCP0057,DEV0340,SUCCESS,,360.26,164.44,1870,1,2,1,45.7
TXN000972,2026-08-13 23:17:00,CUST0030,Consumer,Bank Transfer,5.93,GHS,KasaPay,Mobile App,Greater Accra,,RCP0019,DEV0091,SUCCESS,,359.11,353.18,1514,1,2,2,60.1
TXN000973,2026-08-15 19:05:00,CUST0125,Microbusiness,Cash-Out,69.01,GHS,ApexMoney,USSD,Volta,MER061,RCP0004,DEV0367,SUCCESS,,609.11,540.1,1277,3,2,3,86.9
TXN000974,2026-08-15 16:45:00,CUST0063,Consumer,Merchant Payment,207.86,GHS,MobiLink,Mobile App,Greater Accra,MER043,RCP0126,DEV0426,FAILED,Validation Error,447.34,447.34,956,5,1,0,70.1
TXN000975,2026-08-05 14:03:00,CUST0032,Consumer,Merchant Payment,178.72,GHS,KasaPay,Mobile App,Central,MER061,RCP0193,DEV0298,SUCCESS,,923.44,744.72,910,4,2,1,74.4
TXN000976,2026-08-07 23:50:00,CUST0127,Consumer,P2P Transfer,28.88,GHS,ApexMoney,Mobile App,Greater Accra,,RCP0130,DEV0427,SUCCESS,,244.68,215.8,2057,4,0,0,44.8
TXN000977,2026-08-03 22:51:00,CUST0157,Consumer,P2P Transfer,63.46,GHS,SwiftCash,Mobile App,Greater Accra,,RCP0024,DEV0381,SUCCESS,,172.77,109.31,1501,2,2,0,49.3
TXN000978,2026-08-18 17:54:00,CUST0053,Consumer,P2P Transfer,9.43,GHS,ApexMoney,Mobile App,Ashanti,,RCP0088,DEV0300,SUCCESS,,390.59,381.16,2123,3,0,0,32.5
TXN000979,2026-08-11 21:02:00,CUST0024,Microbusiness,Merchant Payment,115.71,GHS,SwiftCash,USSD,Eastern,MER063,RCP0010,DEV0215,SUCCESS,,515.52,399.81,1766,3,1,3,79.8
TXN000980,2026-08-18 12:56:00,CUST0041,Consumer,Bill Payment,16.43,GHS,SwiftCash,POS,Bono,,RCP0162,DEV0386,SUCCESS,,194.31,177.88,1692,1,1,3,61.7
TXN000981,2026-08-19 06:44:00,CUST0196,SME,Merchant Payment,212.92,GHS,MobiLink,Mobile App,Greater Accra,MER033,RCP0061,DEV0084,FAILED,Insufficient Funds,174.02,174.02,1224,4,2,2,87.6
TXN000982,2026-08-22 18:17:00,CUST0259,Microbusiness,P2P Transfer,222.59,GHS,MobiLink,USSD,Greater Accra,,RCP0101,DEV0253,SUCCESS,,564.94,342.35,544,2,0,1,39.6
TXN000983,2026-08-17 22:59:00,CUST0055,Microbusiness,P2P Transfer,54.42,GHS,ApexMoney,USSD,Ashanti,,RCP0234,DEV0368,SUCCESS,,279.13,224.71,1443,3,1,3,74.8
TXN000984,2026-08-21 02:04:00,CUST0097,SME,Merchant Payment,126.86,GHS,SwiftCash,Mobile App,Ashanti,MER053,RCP0153,DEV0425,SUCCESS,,165.77,38.91,1579,3,0,1,55.1
TXN000985,2026-08-19 04:50:00,CUST0104,Consumer,Bank Transfer,67.73,GHS,ApexMoney,Mobile App,Northern,,RCP0199,DEV0121,SUCCESS,,1016.38,948.65,1155,1,0,2,47.1
TXN000986,2026-08-21 05:24:00,CUST0109,Consumer,Merchant Payment,100.05,GHS,SwiftCash,Mobile App,Volta,MER014,RCP0091,DEV0043,SUCCESS,,306.79,206.74,59,5,1,2,91.5
TXN000987,2026-08-20 02:46:00,CUST0074,Consumer,Bank Transfer,30.72,GHS,KasaPay,Mobile App,Northern,,RCP0242,DEV0151,SUCCESS,,1167.19,1136.47,2112,2,2,2,71.2
TXN000988,2026-08-10 19:15:00,CUST0017,Consumer,Bank Transfer,138.26,GHS,ApexMoney,USSD,Greater Accra,,RCP0186,DEV0389,SUCCESS,,503.38,365.12,1820,4,0,1,64.1
TXN000989,2026-08-08 15:14:00,CUST0158,Consumer,P2P Transfer,20.19,GHS,ApexMoney,API,Ashanti,,RCP0134,DEV0236,SUCCESS,,614.66,594.47,784,4,2,1,73.5
TXN000990,2026-08-25 09:50:00,CUST0108,Microbusiness,Cash-In,17.19,GHS,ApexMoney,API,Central,MER046,RCP0151,DEV0025,SUCCESS,,420.47,437.66,1093,1,1,1,40.8
TXN000991,2026-08-11 14:58:00,CUST0103,Microbusiness,Bill Payment,73.43,GHS,ApexMoney,API,Greater Accra,,RCP0162,DEV0054,FAILED,Insufficient Funds,67.26,67.26,284,2,2,2,76.2
TXN000992,2026-08-18 00:33:00,CUST0080,Consumer,Merchant Payment,68.06,GHS,ApexMoney,USSD,Eastern,MER033,RCP0042,DEV0153,REVERSED,Network Timeout,210.06,210.06,2061,3,0,2,62.1
TXN000993,2026-08-07 02:32:00,CUST0279,Microbusiness,P2P Transfer,102.66,GHS,MobiLink,Mobile App,Greater Accra,,RCP0066,DEV0155,SUCCESS,,448.41,345.75,518,5,0,1,62.3
TXN000994,2026-08-14 08:58:00,CUST0184,Consumer,Bill Payment,46.9,GHS,KasaPay,Mobile App,Greater Accra,,RCP0178,DEV0061,SUCCESS,,647.78,600.88,840,4,2,2,78.7
TXN000995,2026-08-17 10:04:00,CUST0126,Consumer,Bank Transfer,9781.27,GHS,SwiftCash,Mobile App,Northern,,RCP0115,DEV0223,FAILED,Insufficient Funds,128.73,128.73,951,3,0,0,81.24307348651416
TXN000996,2026-08-20 09:45:00,CUST0062,Consumer,Cash-In,93.36,GHS,SwiftCash,Mobile App,Greater Accra,MER069,RCP0204,DEV0216,SUCCESS,,473.33,566.69,590,5,0,1,59.9
TXN000997,2026-08-17 07:37:00,CUST0241,Consumer,Cash-In,99.28,GHS,SwiftCash,Mobile App,Bono,MER001,RCP0137,DEV0090,SUCCESS,,212.36,311.64,1401,3,2,3,96.3
TXN000998,2026-08-12 04:19:00,CUST0267,Consumer,P2P Transfer,96.32,GHS,KasaPay,USSD,Greater Accra,,RCP0018,DEV0105,REVERSED,Duplicate Transaction,587.55,587.55,2189,5,2,2,97.6
TXN000999,2026-08-30 19:33:00,CUST0010,Consumer,Bank Transfer,191.04,GHS,MobiLink,Mobile App,Greater Accra,,RCP0173,DEV0299,SUCCESS,,485.63,294.59,1883,4,0,2,60.4
TXN001000,2026-08-16 21:28:00,CUST0279,Consumer,Merchant Payment,,GHS,SwiftCash,Mobile App,Greater Accra,MER044,RCP0158,DEV0429,SUCCESS,,860.6,727.7,1174,1,2,3,63.7
TXN001001,2026-08-26 01:22:00,CUST0210,Consumer,P2P Transfer,118.6,GHS,SwiftCash,POS,Greater Accra,,RCP0095,DEV0449,SUCCESS,,1096.76,978.16,301,2,1,2,54.3
TXN001002,2026-08-23 20:06:00,CUST0030,Microbusiness,Cash-Out,152.26,GHS,MobiLink,Mobile App,Ashanti,MER058,RCP0205,DEV0252,SUCCESS,,695.23,542.97,1901,1,0,2,37.6
TXN001003,2026-08-18 07:23:00,CUST0226,Consumer,Bill Payment,17.27,GHS,KasaPay,Web,Greater Accra,,RCP0091,DEV0018,PENDING,Awaiting Confirmation,939.45,939.45,575,2,1,1,49.0
TXN001004,2026-08-28 11:29:00,CUST0099,Microbusiness,Bank Transfer,17.84,GHS,KasaPay,Mobile App,Eastern,,RCP0030,DEV0404,FAILED,Validation Error,378.89,378.89,2005,10,0,3,73.8
TXN001005,2026-08-04 23:25:00,CUST0016,Consumer,P2P Transfer,76.35,GHS,MobiLink,USSD,Northern,,RCP0032,DEV0428,SUCCESS,,4094.25,4017.9,879,1,0,2,35.2
TXN001006,2026-08-29 13:15:00,CUST0035,Consumer,P2P Transfer,68.85,GHS,KasaPay,Mobile App,Ashanti,,RCP0234,DEV0126,FAILED,Recipient Unavailable,197.53,197.53,1147,1,0,2,54.7
TXN001007,2026-08-27 08:34:00,CUST0138,Consumer,Bill Payment,133.33,GHS,SwiftCash,USSD,Greater Accra,,RCP0098,DEV0181,SUCCESS,,331.68,198.35,969,4,0,0,41.3
TXN001008,2026-08-16 14:42:00,CUST0186,SME,Bill Payment,82.85,GHS,ApexMoney,Mobile App,Ashanti,,RCP0108,DEV0012,SUCCESS,,968.76,885.91,1010,3,1,3,67.5
TXN001009,2026-08-23 17:38:00,CUST0123,Consumer,Cash-In,133.56,GHS,ApexMoney,Mobile App,Western,MER027,RCP0080,DEV0361,SUCCESS,,866.57,1000.13,375,3,2,1,78.1
TXN001010,2026-08-17 03:05:00,CUST0037,Consumer,Cash-In,28.25,GHS,KasaPay,USSD,Eastern,MER011,RCP0192,DEV0350,SUCCESS,,710.2,738.45,1223,4,1,1,73.9
TXN001011,2026-08-09 07:57:00,CUST0060,Microbusiness,Merchant Payment,80.71,GHS,ApexMoney,Mobile App,Greater Accra,MER071,RCP0157,DEV0010,SUCCESS,,817.69,736.98,895,5,0,0,53.9
TXN001012,2026-08-25 19:06:00,CUST0256,Microbusiness,Merchant Payment,26.05,GHS,MobiLink,Mobile App,Ashanti,MER020,RCP0233,DEV0317,SUCCESS,,103.27,77.22,1867,3,1,0,51.3
TXN001013,2026-08-08 14:57:00,CUST0289,Microbusiness,P2P Transfer,113.16,GHS,ApexMoney,Web,Ashanti,,RCP0232,DEV0186,SUCCESS,,1622.91,1509.75,1057,3,2,0,61.4
TXN001014,2026-08-10 17:57:00,CUST0227,Microbusiness,P2P Transfer,16.5,GHS,SwiftCash,Mobile App,Greater Accra,,RCP0257,DEV0246,SUCCESS,,422.88,406.38,2122,4,2,0,67.8
TXN001015,2026-08-17 02:21:00,CUST0032,Consumer,P2P Transfer,109.52,GHS,ApexMoney,USSD,Greater Accra,,RCP0086,DEV0099,SUCCESS,,1254.41,1144.89,663,3,2,0,51.2
TXN001016,2026-08-26 23:00:00,CUST0246,Microbusiness,Bank Transfer,23.37,GHS,MobiLink,USSD,Bono,,RCP0152,DEV0367,FAILED,Service Unavailable,107.22,107.22,732,3,1,1,43.1
TXN001017,2026-08-12 21:38:00,CUST0208,Consumer,P2P Transfer,58.79,GHS,KasaPay,Mobile App,Greater Accra,,RCP0090,DEV0182,SUCCESS,,597.3,538.51,95,2,1,3,62.9
TXN001018,2026-08-16 07:38:00,CUST0158,Microbusiness,P2P Transfer,174.28,GHS,ApexMoney,USSD,Greater Accra,,RCP0183,DEV0379,SUCCESS,,322.91,148.63,1628,1,0,3,60.9
TXN001019,2026-08-02 06:59:00,CUST0043,Consumer,Cash-In,98.82,GHS,ApexMoney,Mobile App,Greater Accra,MER018,RCP0194,DEV0067,SUCCESS,,756.79,855.61,175,1,1,0,44.1
TXN001020,2026-08-04 14:11:00,CUST0300,Consumer,P2P Transfer,20.11,GHS,KasaPay,POS,Eastern,,RCP0066,DEV0265,SUCCESS,,625.03,604.92,638,4,1,1,64.4
TXN001021,2026-08-02 17:37:00,CUST0133,Consumer,P2P Transfer,45.99,GHS,MobiLink,Mobile App,Ashanti,,RCP0223,DEV0140,SUCCESS,,648.42,602.43,2004,5,0,3,76.3
TXN001022,2026-08-03 05:36:00,CUST0014,Microbusiness,Cash-In,22.73,GHS,MobiLink,Mobile App,Greater Accra,MER048,RCP0076,DEV0435,SUCCESS,,222.69,245.42,1349,3,0,2,58.7
TXN001023,2026-08-27 22:10:00,CUST0063,Consumer,Merchant Payment,19.29,GHS,ApexMoney,Mobile App,Ashanti,MER002,RCP0255,DEV0251,SUCCESS,,472.14,452.85,1235,1,2,3,72.6
TXN001024,2026-08-27 02:26:00,CUST0121,Microbusiness,Cash-In,90.02,GHS,KasaPay,Web,Central,MER009,RCP0221,DEV0324,SUCCESS,,430.47,520.49,1773,4,0,1,59.6
TXN001025,2026-08-26 11:29:00,CUST0019,Consumer,Bank Transfer,131.14,GHS,ApexMoney,POS,Greater Accra,,RCP0005,DEV0039,SUCCESS,,714.43,583.29,1700,5,0,0,39.8
TXN001026,2026-08-02 17:20:00,CUST0098,Consumer,P2P Transfer,118.45,GHS,KasaPay,API,Volta,,RCP0104,DEV0305,SUCCESS,,1034.81,916.36,1951,3,1,0,67.9
TXN001027,2026-08-03 09:46:00,CUST0141,Consumer,Bank Transfer,135.94,GHS,KasaPay,POS,Greater Accra,,RCP0101,DEV0046,SUCCESS,,551.62,415.68,1468,1,0,2,47.8
TXN001028,2026-08-09 16:46:00,CUST0285,Consumer,Bank Transfer,80.63,GHS,ApexMoney,POS,Greater Accra,,RCP0214,DEV0163,SUCCESS,,189.21,108.58,995,1,2,0,41.8
TXN001029,2026-08-18 12:34:00,CUST0026,Microbusiness,Bank Transfer,64.56,GHS,KasaPay,USSD,Volta,,RCP0188,DEV0101,SUCCESS,,534.15,469.59,300,3,2,1,63.7
TXN001030,2026-08-11 08:35:00,CUST0174,SME,Cash-In,32.72,GHS,MobiLink,Web,Western,MER032,RCP0014,DEV0002,SUCCESS,,3492.27,3524.99,822,5,2,1,89.9
TXN001031,2026-08-16 02:44:00,CUST0275,Consumer,Cash-In,56.03,GHS,ApexMoney,USSD,Ashanti,MER060,RCP0218,DEV0264,FAILED,Invalid PIN,1693.42,1693.42,1555,1,0,3,53.0
TXN001032,2026-08-06 08:42:00,CUST0242,Consumer,Cash-In,26.49,GHS,ApexMoney,Mobile App,Western,MER034,RCP0057,DEV0109,SUCCESS,,52.94,79.43,568,4,2,3,94.6
TXN001033,2026-08-23 15:41:00,CUST0278,Consumer,Cash-Out,39.71,GHS,ApexMoney,USSD,Ashanti,MER009,RCP0096,DEV0231,SUCCESS,,516.72,477.01,1481,4,0,1,58.8
TXN001034,2026-08-10 17:32:00,CUST0052,SME,P2P Transfer,87.85,GHS,ApexMoney,USSD,Ashanti,,RCP0045,DEV0344,SUCCESS,,991.37,903.52,306,1,0,2,40.3
TXN001035,2026-08-03 01:30:00,CUST0241,Consumer,Bill Payment,73.69,GHS,ApexMoney,Mobile App,Western,,RCP0041,DEV0081,SUCCESS,,429.77,356.08,147,2,2,1,62.4
TXN001036,2026-08-24 00:33:00,CUST0294,Microbusiness,Cash-In,1102.15,GHS,SwiftCash,Mobile App,Central,MER079,RCP0137,DEV0320,SUCCESS,,348.95,1451.1,812,1,2,3,74.4
TXN001037,2026-08-28 23:40:00,CUST0098,Consumer,Bank Transfer,25.95,GHS,ApexMoney,Mobile App,Greater Accra,,RCP0022,DEV0134,SUCCESS,,403.34,377.39,517,3,0,1,50.1
TXN001038,2026-08-01 10:55:00,CUST0150,Microbusiness,Merchant Payment,73.23,GHS,SwiftCash,Web,Eastern,MER046,RCP0021,DEV0149,SUCCESS,,745.56,672.33,1920,1,2,2,62.7
TXN001039,2026-08-14 12:53:00,CUST0160,Consumer,P2P Transfer,24.28,GHS,MobiLink,Mobile App,Ashanti,,RCP0204,DEV0260,FAILED,Service Unavailable,208.23,208.23,841,5,0,3,90.4
TXN001040,2026-08-26 15:25:00,CUST0149,Microbusiness,Merchant Payment,58.58,GHS,MobiLink,Web,Greater Accra,MER007,RCP0090,DEV0282,SUCCESS,,1201.73,1143.15,930,1,2,0,33.4
TXN001041,2026-08-22 21:23:00,CUST0087,Microbusiness,Merchant Payment,60.64,GHS,SwiftCash,USSD,Bono,MER077,RCP0168,DEV0295,SUCCESS,,472.48,411.84,896,4,1,0,52.2
TXN001042,2026-08-27 13:16:00,CUST0292,SME,Merchant Payment,167.03,GHS,ApexMoney,POS,Ashanti,MER009,RCP0256,DEV0088,FAILED,Limit Exceeded,244.38,244.38,708,4,0,1,56.2
TXN001043,2026-08-13 20:54:00,CUST0287,Consumer,Merchant Payment,55.58,GHS,ApexMoney,Mobile App,Eastern,MER022,RCP0014,DEV0261,SUCCESS,,1145.12,1089.54,2020,1,2,3,65.6
TXN001044,2026-08-12 12:57:00,CUST0115,Microbusiness,P2P Transfer,69.23,GHS,ApexMoney,Web,Eastern,,RCP0206,DEV0119,SUCCESS,,154.65,85.42,1630,2,2,2,66.6
TXN001045,2026-08-22 23:37:00,CUST0242,Consumer,Cash-In,56.5,GHS,MobiLink,USSD,Ashanti,MER045,RCP0029,DEV0125,SUCCESS,,324.92,381.42,362,4,2,0,74.7
TXN001046,2026-08-05 18:17:00,CUST0120,Consumer,Merchant Payment,24.76,GHS,MobiLink,Mobile App,Greater Accra,MER055,RCP0197,DEV0427,SUCCESS,,320.94,296.18,486,1,1,1,41.1
TXN001047,2026-08-08 10:07:00,CUST0239,Microbusiness,Bill Payment,46.79,GHS,KasaPay,Mobile App,Bono,,RCP0080,DEV0046,SUCCESS,,2460.1,2413.31,192,3,2,2,66.0
TXN001048,2026-08-19 15:01:00,CUST0176,Consumer,P2P Transfer,58.87,GHS,ApexMoney,Mobile App,Eastern,,RCP0035,DEV0186,SUCCESS,,294.78,235.91,574,2,2,3,75.5
TXN001049,2026-08-21 17:19:00,CUST0142,Consumer,Merchant Payment,86.73,GHS,KasaPay,Mobile App,Central,MER007,RCP0060,DEV0198,SUCCESS,,97.88,11.15,1449,1,2,1,52.3
TXN001050,2026-08-04 17:02:00,CUST0039,Microbusiness,P2P Transfer,130.99,GHS,ApexMoney,POS,Ashanti,,RCP0095,DEV0111,SUCCESS,,318.51,187.52,2059,3,1,0,49.2
TXN001051,2026-08-16 18:10:00,CUST0197,Consumer,Cash-In,66.73,GHS,MobiLink,API,Greater Accra,MER006,RCP0190,DEV0354,SUCCESS,,693.44,760.17,1067,3,0,0,42.3
TXN001052,2026-08-12 07:30:00,CUST0097,Consumer,Merchant Payment,65.74,GHS,ApexMoney,POS,Greater Accra,MER015,RCP0177,DEV0220,FAILED,Recipient Unavailable,887.19,887.19,193,2,1,0,43.8
TXN001053,2026-08-16 13:17:00,CUST0066,Consumer,Cash-In,18.87,GHS,KasaPay,USSD,Ashanti,MER041,RCP0189,DEV0324,SUCCESS,,2717.33,2736.2,118,5,1,0,64.2
TXN001054,2026-08-30 17:04:00,CUST0058,Microbusiness,Bill Payment,128.87,GHS,KasaPay,USSD,Greater Accra,,RCP0006,DEV0175,SUCCESS,,1415.41,1286.54,920,1,0,1,24.8
TXN001055,2026-08-03 08:59:00,CUST0295,Consumer,P2P Transfer,45.08,GHS,ApexMoney,Web,Eastern,,RCP0253,DEV0404,FAILED,Insufficient Funds,567.33,567.33,593,3,0,1,45.4
TXN001056,2026-08-31 20:37:00,CUST0031,Consumer,Cash-Out,153.71,GHS,KasaPay,Web,Northern,MER064,RCP0113,DEV0329,FAILED,Validation Error,252.51,252.51,1275,1,1,1,38.3
TXN001057,2026-08-14 22:29:00,CUST0240,Consumer,P2P Transfer,249.38,GHS,MobiLink,Mobile App,Greater Accra,,RCP0029,DEV0150,SUCCESS,,1665.73,1416.35,273,4,2,3,92.3
TXN001058,2026-08-24 22:26:00,CUST0260,Microbusiness,P2P Transfer,69.43,GHS,ApexMoney,API,Greater Accra,,RCP0241,DEV0433,SUCCESS,,373.75,304.32,518,3,0,1,52.1
TXN001059,2026-08-14 03:48:00,CUST0010,Consumer,Merchant Payment,34.13,GHS,KasaPay,Mobile App,Central,MER002,RCP0206,DEV0390,SUCCESS,,300.78,266.65,1229,4,2,2,87.4
TXN001060,2026-08-10 15:21:00,CUST0177,Consumer,P2P Transfer,80.3,GHS,KasaPay,POS,Greater Accra,,RCP0022,DEV0267,SUCCESS,,360.39,280.09,629,1,2,2,65.9
TXN001061,2026-08-24 21:19:00,CUST0174,SME,Cash-In,109.55,GHS,ApexMoney,API,Volta,MER024,RCP0114,DEV0008,SUCCESS,,192.63,302.18,811,3,0,0,36.7
TXN001062,2026-08-22 07:37:00,CUST0108,Microbusiness,Cash-Out,62.29,GHS,ApexMoney,POS,Ashanti,MER048,RCP0235,DEV0267,SUCCESS,,347.66,285.37,499,1,0,3,59.1
TXN001063,2026-08-05 11:10:00,CUST0201,Consumer,Cash-Out,50.43,GHS,ApexMoney,Mobile App,Greater Accra,MER033,RCP0177,DEV0311,SUCCESS,,413.71,363.28,127,2,2,1,64.0
TXN001064,2026-08-22 20:49:00,CUST0123,Microbusiness,Merchant Payment,131.5,GHS,ApexMoney,USSD,Greater Accra,MER013,RCP0051,DEV0165,SUCCESS,,852.35,720.85,769,5,2,3,99.0
TXN001065,2026-08-24 08:17:00,CUST0132,SME,Cash-In,124.33,GHS,KasaPay,Mobile App,Volta,MER046,RCP0182,DEV0065,SUCCESS,,368.31,492.64,735,4,1,0,60.6
TXN001066,2026-08-13 00:33:00,CUST0130,Consumer,Merchant Payment,60.68,GHS,SwiftCash,POS,Greater Accra,MER077,RCP0049,DEV0255,SUCCESS,,190.45,129.77,1978,1,2,3,65.9
TXN001067,2026-08-29 16:40:00,CUST0241,Consumer,P2P Transfer,19.97,GHS,SwiftCash,Mobile App,Eastern,,RCP0092,DEV0361,SUCCESS,,147.99,128.02,1965,2,0,2,36.3
TXN001068,2026-08-20 20:49:00,CUST0190,Consumer,P2P Transfer,120.05,GHS,MobiLink,POS,Greater Accra,,RCP0051,DEV0144,SUCCESS,,576.62,456.57,958,5,1,0,61.4
TXN001069,2026-08-11 08:13:00,CUST0114,SME,Cash-Out,42.43,GHS,KasaPay,Web,Greater Accra,MER039,RCP0180,DEV0206,PENDING,Awaiting Confirmation,520.33,520.33,644,1,1,3,64.5
TXN001070,2026-08-01 07:58:00,CUST0279,Microbusiness,Bill Payment,97.73,GHS,SwiftCash,Mobile App,Northern,,RCP0242,DEV0001,FAILED,Insufficient Funds,325.14,325.14,927,4,0,2,65.5
TXN001071,2026-08-21 22:10:00,CUST0241,Consumer,P2P Transfer,92.62,GHS,SwiftCash,Mobile App,Greater Accra,,RCP0012,DEV0317,SUCCESS,,347.03,254.41,1343,2,2,3,77.2
TXN001072,2026-08-07 11:32:00,CUST0099,SME,Cash-In,16.35,GHS,ApexMoney,USSD,Greater Accra,MER019,RCP0157,DEV0390,SUCCESS,,659.42,675.77,859,9,1,0,79.7
TXN001073,2026-08-24 10:51:00,CUST0220,Microbusiness,Cash-Out,87.26,GHS,ApexMoney,USSD,Ashanti,MER019,RCP0065,DEV0350,FAILED,Invalid PIN,1398.16,1398.16,1667,5,0,3,70.3
TXN001074,2026-08-17 06:39:00,CUST0118,Consumer,Bank Transfer,126.13,GHS,KasaPay,Mobile App,Northern,,RCP0195,DEV0194,FAILED,Limit Exceeded,274.48,274.48,2121,4,0,3,82.5
TXN001075,2026-08-15 11:14:00,CUST0232,SME,Cash-In,139.99,GHS,SwiftCash,Mobile App,Greater Accra,MER007,RCP0037,DEV0021,FAILED,Service Unavailable,526.72,526.72,896,2,0,1,38.8
TXN001076,2026-08-06 01:49:00,CUST0099,Microbusiness,Cash-In,90.0,GHS,KasaPay,USSD,Greater Accra,MER053,RCP0095,DEV0222,SUCCESS,,1011.01,1101.01,271,1,1,1,39.4
TXN001077,2026-08-23 01:21:00,CUST0082,Microbusiness,Cash-Out,15.17,GHS,ApexMoney,USSD,Bono,MER035,RCP0054,DEV0424,SUCCESS,,275.31,260.14,278,2,2,1,56.0
TXN001078,2026-08-06 03:26:00,CUST0136,SME,Bank Transfer,241.17,GHS,MobiLink,USSD,Central,,RCP0227,DEV0038,SUCCESS,,487.01,245.84,1920,3,0,1,55.5
TXN001079,2026-08-13 22:48:00,CUST0291,Consumer,P2P Transfer,115.51,GHS,ApexMoney,Mobile App,Northern,,RCP0022,DEV0097,SUCCESS,,478.91,363.4,924,1,1,3,65.3
TXN001080,2026-08-26 22:12:00,CUST0171,Microbusiness,Bill Payment,29.29,GHS,MobiLink,USSD,Central,,RCP0151,DEV0377,SUCCESS,,184.29,155.0,729,5,1,3,86.2
TXN001081,2026-08-29 12:45:00,CUST0116,Consumer,P2P Transfer,41.7,GHS,SwiftCash,Mobile App,Central,,RCP0032,DEV0256,SUCCESS,,559.13,517.43,1368,1,1,0,40.0
TXN001082,2026-08-31 15:54:00,CUST0139,Microbusiness,Bank Transfer,99.14,GHS,SwiftCash,Mobile App,Ashanti,,RCP0156,DEV0077,SUCCESS,,504.55,405.41,2104,3,1,0,48.1
TXN001083,2026-08-30 16:45:00,CUST0088,Microbusiness,P2P Transfer,145.16,GHS,SwiftCash,POS,Greater Accra,,RCP0199,DEV0011,SUCCESS,,747.19,602.03,942,5,2,0,71.3
TXN001084,2026-08-18 05:38:00,CUST0198,Microbusiness,P2P Transfer,53.8,GHS,ApexMoney,Mobile App,Central,,RCP0195,DEV0185,SUCCESS,,202.32,148.52,703,2,2,2,67.2
TXN001085,2026-08-07 05:09:00,CUST0106,Microbusiness,P2P Transfer,164.3,GHS,SwiftCash,USSD,Central,,RCP0009,DEV0268,SUCCESS,,496.45,332.15,1900,3,1,1,53.3
TXN001086,2026-08-27 00:16:00,CUST0167,Microbusiness,Merchant Payment,17.75,GHS,SwiftCash,Web,Volta,MER027,RCP0201,DEV0379,SUCCESS,,1388.95,1371.2,196,1,2,3,62.1
TXN001087,2026-08-25 20:24:00,CUST0111,Consumer,Merchant Payment,33.58,GHS,SwiftCash,USSD,Eastern,MER045,RCP0077,DEV0398,SUCCESS,,2340.51,2306.93,1859,4,0,3,78.7
TXN001088,2026-08-31 16:47:00,CUST0097,Consumer,P2P Transfer,14.09,GHS,ApexMoney,USSD,Greater Accra,,RCP0177,DEV0207,FAILED,Recipient Unavailable,1287.04,1287.04,1151,5,0,0,53.7
TXN001089,2026-08-21 04:18:00,CUST0292,Consumer,Merchant Payment,37.99,GHS,ApexMoney,Mobile App,Ashanti,MER047,RCP0250,DEV0191,SUCCESS,,203.81,165.82,59,4,0,2,68.7
TXN001090,2026-08-05 09:20:00,CUST0104,Microbusiness,Merchant Payment,293.5,GHS,ApexMoney,Mobile App,Eastern,MER045,RCP0031,DEV0420,SUCCESS,,691.1,397.6,512,1,0,3,51.7
TXN001091,2026-08-16 14:09:00,CUST0022,Consumer,Cash-Out,468.31,GHS,KasaPay,Mobile App,Ashanti,MER031,RCP0094,DEV0350,FAILED,Insufficient Funds,342.97,342.97,1499,2,2,3,81.3
TXN001092,2026-08-14 21:29:00,CUST0114,Consumer,Bank Transfer,99.42,GHS,KasaPay,POS,Western,,RCP0225,DEV0095,SUCCESS,,609.67,510.25,1660,4,0,2,52.7
TXN001093,2026-08-27 03:09:00,CUST0160,Consumer,Cash-Out,47.34,GHS,SwiftCash,Web,Eastern,MER039,RCP0037,DEV0307,SUCCESS,,276.12,228.78,442,4,1,1,60.8
TXN001094,2026-08-13 04:04:00,CUST0029,Consumer,P2P Transfer,67.46,GHS,SwiftCash,Mobile App,Greater Accra,,RCP0068,DEV0322,SUCCESS,,136.3,68.84,1451,3,1,3,79.4
TXN001095,2026-08-11 04:28:00,CUST0092,Consumer,P2P Transfer,121.79,GHS,SwiftCash,Mobile App,Eastern,,RCP0143,DEV0106,FAILED,Invalid PIN,380.55,380.55,2176,5,2,1,76.4
TXN001096,2026-08-03 11:33:00,CUST0050,SME,Bank Transfer,21.57,GHS,ApexMoney,Mobile App,Eastern,,RCP0259,DEV0441,SUCCESS,,847.21,825.64,1514,2,0,3,60.2
TXN001097,2026-08-26 21:34:00,CUST0151,Microbusiness,P2P Transfer,50.07,GHS,KasaPay,USSD,Volta,,RCP0077,DEV0134,PENDING,Awaiting Confirmation,611.55,611.55,1549,4,2,1,67.7
TXN001098,2026-08-24 09:57:00,CUST0217,Consumer,Merchant Payment,275.8,GHS,ApexMoney,USSD,Ashanti,MER011,RCP0100,DEV0248,SUCCESS,,666.61,390.81,437,3,1,3,76.1
TXN001099,2026-08-02 06:40:00,CUST0291,Microbusiness,Bill Payment,33.49,GHS,ApexMoney,POS,Eastern,,RCP0207,DEV0223,SUCCESS,,579.56,546.07,1407,4,0,3,83.7
TXN001100,2026-08-14 10:43:00,CUST0117,Consumer,Bill Payment,43.09,GHS,ApexMoney,Web,Ashanti,,RCP0032,DEV0312,SUCCESS,,667.4,624.31,1563,3,0,2,61.6
TXN001101,2026-08-15 20:54:00,CUST0259,Consumer,Merchant Payment,82.37,GHS,ApexMoney,Mobile App,Ashanti,MER013,RCP0085,DEV0406,SUCCESS,,732.99,650.62,256,3,2,0,47.9
TXN001102,2026-08-15 13:10:00,CUST0065,Consumer,Cash-Out,103.61,GHS,ApexMoney,POS,Greater Accra,MER015,RCP0082,DEV0177,REVERSED,Duplicate Transaction,401.01,401.01,695,5,2,0,80.1
TXN001103,2026-08-29 11:41:00,CUST0235,Microbusiness,Merchant Payment,47.88,GHS,KasaPay,USSD,Northern,MER077,RCP0104,DEV0174,SUCCESS,,524.35,476.47,1943,5,2,3,99.0
TXN001104,2026-08-05 16:06:00,CUST0169,Consumer,Cash-Out,86.96,GHS,ApexMoney,Mobile App,Volta,MER023,RCP0149,DEV0339,SUCCESS,,1821.55,1734.59,2197,5,1,3,99.0
TXN001105,2026-08-10 11:55:00,CUST0228,Consumer,P2P Transfer,136.56,GHS,ApexMoney,Web,Ashanti,,RCP0058,DEV0429,SUCCESS,,548.14,411.58,393,1,2,2,63.9
TXN001106,2026-08-06 14:36:00,CUST0227,Consumer,P2P Transfer,431.49,GHS,ApexMoney,Mobile App,Ashanti,,RCP0102,DEV0409,PENDING,Awaiting Confirmation,508.73,508.73,1613,3,0,3,57.8
TXN001107,2026-08-08 13:35:00,CUST0160,Consumer,Cash-In,73.16,GHS,SwiftCash,POS,Greater Accra,MER078,RCP0238,DEV0339,SUCCESS,,532.28,605.44,1111,4,0,3,76.6
TXN001108,2026-08-29 02:53:00,CUST0078,Consumer,P2P Transfer,78.64,GHS,KasaPay,POS,Eastern,,RCP0215,DEV0317,SUCCESS,,418.45,339.81,1305,5,2,1,93.6
TXN001109,2026-08-30 03:53:00,CUST0158,Consumer,Cash-Out,298.37,GHS,ApexMoney,Web,Ashanti,MER032,RCP0248,DEV0346,SUCCESS,,355.48,57.11,1131,2,0,3,56.9
TXN001110,2026-08-02 09:13:00,CUST0249,SME,Merchant Payment,51.07,GHS,ApexMoney,USSD,Central,MER063,RCP0177,DEV0422,SUCCESS,,576.23,525.16,1909,4,1,3,90.3
TXN001111,2026-08-20 14:16:00,CUST0292,Consumer,Bank Transfer,26.42,GHS,MobiLink,Mobile App,Greater Accra,,RCP0151,DEV0005,SUCCESS,,337.21,310.79,987,3,1,1,53.0
TXN001111,2026-08-08 05:14:00,CUST0279,Consumer,Bank Transfer,100.76,GHS,KasaPay,Web,Central,,RCP0056,DEV0265,SUCCESS,,441.8,341.04,1302,2,0,0,33.2
TXN001113,2026-08-06 23:15:00,CUST0055,Consumer,Merchant Payment,203.31,GHS,SwiftCash,POS,Greater Accra,MER063,RCP0042,DEV0016,FAILED,Validation Error,272.36,272.36,1477,5,2,2,78.1
TXN001114,2026-08-10 01:17:00,CUST0180,Consumer,Bank Transfer,110.71,GHS,KasaPay,USSD,Eastern,,RCP0140,DEV0260,SUCCESS,,534.33,423.62,1222,3,0,1,42.3
TXN001115,2026-08-07 00:37:00,CUST0032,Microbusiness,P2P Transfer,75.0,GHS,SwiftCash,POS,Eastern,,RCP0105,DEV0178,SUCCESS,,763.68,688.68,1936,4,2,1,76.0
TXN001116,2026-08-16 04:42:00,CUST0201,Consumer,Merchant Payment,23.78,GHS,MobiLink,Mobile App,Greater Accra,MER064,RCP0204,DEV0138,SUCCESS,,420.34,396.56,533,2,0,2,46.8
TXN001117,2026-08-31 20:44:00,CUST0298,Consumer,P2P Transfer,77.51,GHS,KasaPay,USSD,Ashanti,,RCP0003,DEV0401,SUCCESS,,109.26,31.75,2086,1,1,3,52.2
TXN001118,2026-08-19 04:18:00,CUST0016,SME,Bank Transfer,232.34,GHS,SwiftCash,Web,Western,,RCP0231,DEV0320,SUCCESS,,767.22,534.88,1496,3,0,0,36.0
TXN001119,2026-08-23 10:05:00,CUST0197,Microbusiness,Bank Transfer,28.53,GHS,ApexMoney,Mobile App,Eastern,,RCP0045,DEV0256,FAILED,Invalid PIN,539.23,539.23,2112,4,1,3,86.0
TXN001120,2026-08-16 07:00:00,CUST0284,Consumer,Bank Transfer,66.15,GHS,SwiftCash,USSD,Greater Accra,,RCP0103,DEV0397,SUCCESS,,233.94,167.79,833,2,0,1,39.5
TXN001121,2026-08-01 10:20:00,CUST0255,Consumer,Bank Transfer,58.59,GHS,KasaPay,API,Ashanti,,RCP0093,DEV0045,SUCCESS,,880.03,821.44,1061,5,0,2,73.4
TXN001122,2026-08-03 14:34:00,CUST0118,Microbusiness,Bill Payment,45.01,GHS,ApexMoney,POS,Greater Accra,,RCP0240,DEV0291,FAILED,Service Unavailable,172.64,172.64,109,4,1,3,88.4
TXN001123,2026-08-09 08:02:00,CUST0099,Microbusiness,P2P Transfer,100.56,GHS,MobiLink,Web,Eastern,,RCP0003,DEV0071,SUCCESS,,1079.29,978.73,2033,17,2,0,83.0
TXN001124,2026-08-08 13:17:00,CUST0278,SME,Bill Payment,118.72,GHS,MobiLink,Mobile App,Eastern,,RCP0010,DEV0105,SUCCESS,,472.0,353.28,1798,5,2,0,83.2
TXN001125,2026-08-27 01:23:00,CUST0277,Consumer,Cash-In,117.67,GHS,ApexMoney,API,Greater Accra,MER028,RCP0221,DEV0084,SUCCESS,,89.87,207.54,662,5,2,3,96.1
TXN001126,2026-08-27 03:37:00,CUST0174,Microbusiness,Merchant Payment,35.51,GHS,MobiLink,Mobile App,Eastern,MER047,RCP0176,DEV0245,SUCCESS,,563.26,527.75,128,4,2,1,87.6
TXN001127,2026-08-27 11:27:00,CUST0294,Consumer,Cash-In,20.1,GHS,ApexMoney,USSD,Central,MER001,RCP0018,DEV0284,SUCCESS,,363.35,383.45,1537,5,2,3,99.0
TXN001128,2026-08-20 18:21:00,CUST0002,Consumer,Merchant Payment,101.8,GHS,KasaPay,USSD,Central,MER078,RCP0203,DEV0341,SUCCESS,,324.53,222.73,1483,4,2,1,73.9
TXN001129,2026-08-18 05:47:00,CUST0185,Microbusiness,P2P Transfer,52.98,GHS,MobiLink,POS,Greater Accra,,RCP0009,DEV0199,SUCCESS,,283.36,230.38,1167,5,1,2,81.3
TXN001130,2026-08-21 02:58:00,CUST0012,Microbusiness,P2P Transfer,388.61,GHS,ApexMoney,Web,Greater Accra,,RCP0111,DEV0423,SUCCESS,,447.91,59.3,357,1,2,2,62.2
TXN001131,2026-08-13 14:39:00,CUST0281,Consumer,P2P Transfer,404.17,GHS,KasaPay,POS,Ashanti,,RCP0042,DEV0169,REVERSED,Network Timeout,342.44,342.44,2021,2,2,3,81.6
TXN001132,2026-08-21 18:37:00,CUST0205,Consumer,Merchant Payment,442.34,GHS,SwiftCash,USSD,Greater Accra,MER026,RCP0003,DEV0071,FAILED,Insufficient Funds,122.42,122.42,960,5,1,2,89.6
TXN001133,2026-08-25 15:03:00,CUST0275,Microbusiness,Bank Transfer,36.63,GHS,ApexMoney,USSD,Ashanti,,RCP0145,DEV0017,FAILED,Limit Exceeded,1279.28,1279.28,1598,3,0,2,49.0
TXN001134,2026-08-24 15:35:00,CUST0169,Consumer,Cash-In,132.15,GHS,KasaPay,USSD,Greater Accra,MER070,RCP0178,DEV0058,SUCCESS,,410.24,542.39,1892,1,0,1,34.6
TXN001135,2026-08-20 00:41:00,CUST0025,Consumer,Cash-In,170.77,GHS,ApexMoney,USSD,Greater Accra,MER044,RCP0125,DEV0201,FAILED,Limit Exceeded,284.59,284.59,1213,5,1,1,61.3
TXN001136,2026-08-02 19:13:00,CUST0008,Consumer,Merchant Payment,155.18,GHS,SwiftCash,Mobile App,Eastern,MER064,RCP0089,DEV0186,SUCCESS,,211.39,56.21,221,4,1,1,64.9
TXN001137,2026-08-23 11:21:00,CUST0101,Consumer,Merchant Payment,60.27,GHS,ApexMoney,USSD,Greater Accra,MER018,RCP0133,DEV0385,REVERSED,Settlement Failure,878.35,878.35,1954,5,1,1,82.7
TXN001138,2026-08-12 08:45:00,CUST0224,Microbusiness,P2P Transfer,241.6,GHS,ApexMoney,Web,Central,,RCP0040,DEV0057,FAILED,Insufficient Funds,186.08,186.08,1472,1,2,3,61.5
TXN001139,2026-08-24 01:17:00,CUST0046,Consumer,Bank Transfer,81.48,GHS,SwiftCash,POS,Greater Accra,,RCP0013,DEV0119,SUCCESS,,544.84,463.36,1969,1,1,0,23.4
TXN001140,2026-08-17 17:24:00,CUST0256,Consumer,P2P Transfer,90.82,GHS,ApexMoney,POS,Eastern,,RCP0041,DEV0442,SUCCESS,,318.07,227.25,1353,3,1,2,68.3
TXN001141,2026-08-28 07:36:00,CUST0072,Microbusiness,Cash-Out,22.04,GHS,KasaPay,Mobile App,Ashanti,MER005,RCP0015,DEV0013,SUCCESS,,332.27,310.23,1997,1,2,2,69.3
TXN001142,2026-08-11 11:48:00,CUST0149,Consumer,Cash-Out,140.9,GHS,SwiftCash,USSD,Western,MER031,RCP0200,DEV0191,SUCCESS,,215.36,74.46,1910,3,2,3,88.0
TXN001143,2026-08-29 20:57:00,CUST0061,Consumer,Cash-In,65.28,GHS,SwiftCash,Mobile App,Western,MER008,RCP0158,DEV0090,FAILED,Invalid PIN,309.44,309.44,486,2,1,2,47.6
TXN001144,2026-08-27 04:17:00,CUST0140,Consumer,Bank Transfer,120.91,GHS,ApexMoney,Mobile App,Ashanti,,RCP0049,DEV0241,SUCCESS,,496.02,375.11,392,2,1,1,39.9
TXN001145,2026-08-11 06:20:00,CUST0136,Microbusiness,P2P Transfer,99.47,GHS,MobiLink,USSD,Eastern,,RCP0148,DEV0439,FAILED,Limit Exceeded,587.86,587.86,365,4,0,0,47.6
TXN001146,2026-08-15 23:02:00,CUST0002,Microbusiness,Bank Transfer,94.99,GHS,SwiftCash,Mobile App,Greater Accra,,RCP0126,DEV0103,SUCCESS,,273.36,178.37,1762,1,1,1,34.9
TXN001147,2026-08-17 11:19:00,CUST0171,Microbusiness,Cash-Out,78.35,GHS,ApexMoney,Mobile App,Eastern,MER061,RCP0029,DEV0167,FAILED,Recipient Unavailable,460.26,460.26,540,5,0,1,64.8
TXN001148,2026-08-24 19:51:00,CUST0236,Consumer,Bank Transfer,158.95,GHS,SwiftCash,POS,Greater Accra,,RCP0252,DEV0203,REVERSED,Duplicate Transaction,959.43,959.43,998,1,1,0,34.2
TXN001149,2026-08-22 08:43:00,CUST0281,Microbusiness,Cash-Out,68.78,GHS,SwiftCash,USSD,Ashanti,MER080,RCP0243,DEV0360,SUCCESS,,141.6,72.82,1736,3,1,2,64.1
TXN001150,2026-08-27 09:53:00,CUST0100,Consumer,Bank Transfer,23.64,GHS,KasaPay,USSD,Greater Accra,,RCP0197,DEV0007,SUCCESS,,490.44,466.8,951,5,0,1,74.9
TXN001151,2026-08-12 11:10:00,CUST0265,Consumer,Bill Payment,132.11,GHS,KasaPay,Mobile App,Northern,,RCP0210,DEV0044,SUCCESS,,241.51,109.4,150,1,2,3,73.5
TXN001152,2026-08-16 15:33:00,CUST0264,Consumer,Merchant Payment,40.95,GHS,SwiftCash,USSD,Ashanti,MER071,RCP0142,DEV0220,SUCCESS,,223.74,182.79,805,5,0,0,62.3
TXN001153,2026-08-14 08:33:00,CUST0297,Consumer,Bank Transfer,26.43,GHS,MobiLink,USSD,Eastern,,RCP0209,DEV0339,SUCCESS,,599.3,572.87,221,2,1,3,73.5
TXN001154,2026-08-29 04:42:00,CUST0112,Consumer,Cash-Out,34.16,GHS,KasaPay,USSD,Ashanti,MER058,RCP0137,DEV0004,SUCCESS,,327.36,293.2,857,4,1,1,65.1
TXN001155,2026-08-10 10:54:00,CUST0256,Consumer,Merchant Payment,103.63,GHS,SwiftCash,USSD,Greater Accra,MER042,RCP0044,DEV0363,SUCCESS,,197.83,94.2,1624,5,1,1,72.8
TXN001156,2026-08-19 04:49:00,CUST0170,SME,Bill Payment,75.04,GHS,SwiftCash,Mobile App,Greater Accra,,RCP0044,DEV0110,SUCCESS,,1330.37,1255.33,1151,2,1,1,48.2
TXN001157,2026-08-04 17:24:00,CUST0018,SME,Merchant Payment,13.29,GHS,MobiLink,Web,Volta,MER041,RCP0222,DEV0234,SUCCESS,,982.47,969.18,1489,2,0,3,62.1
TXN001158,2026-08-27 08:36:00,CUST0082,Consumer,Cash-In,58.79,GHS,MobiLink,Mobile App,Western,MER015,RCP0116,DEV0441,SUCCESS,,115.67,174.46,248,5,0,2,69.1
TXN001159,2026-08-12 21:51:00,CUST0202,SME,P2P Transfer,220.05,GHS,ApexMoney,USSD,Greater Accra,,RCP0189,DEV0007,FAILED,Insufficient Funds,163.07,163.07,1654,1,2,0,65.74365132192075
TXN001160,2026-08-11 13:23:00,CUST0049,Microbusiness,P2P Transfer,11176.04,GHS,ApexMoney,Mobile App,Central,,RCP0038,DEV0446,REVERSED,Settlement Failure,769.0,769.0,943,1,0,3,73.43234293063134
TXN001161,2026-08-19 01:41:00,CUST0131,Consumer,Bank Transfer,70.76,GHS,KasaPay,USSD,Ashanti,,RCP0116,DEV0272,REVERSED,Settlement Failure,397.96,397.96,642,2,1,0,42.3
TXN001162,2026-08-16 11:07:00,CUST0099,SME,Merchant Payment,197.66,GHS,KasaPay,Mobile App,Greater Accra,MER006,RCP0022,DEV0095,FAILED,Service Unavailable,1518.43,1518.43,1439,16,0,1,79.0
TXN001163,2026-08-27 06:53:00,CUST0045,Microbusiness,Merchant Payment,160.16,GHS,KasaPay,Web,Ashanti,MER053,RCP0058,DEV0312,SUCCESS,,782.31,622.15,309,5,1,2,80.3
TXN001164,2026-08-17 11:22:00,CUST0149,Consumer,P2P Transfer,194.12,GHS,SwiftCash,Mobile App,Greater Accra,,RCP0029,DEV0277,SUCCESS,,616.83,422.71,1103,3,1,2,80.0
TXN001165,2026-08-17 00:38:00,CUST0065,Consumer,Merchant Payment,7.72,GHS,MobiLink,USSD,Greater Accra,MER044,RCP0054,DEV0140,SUCCESS,,228.97,221.25,937,3,1,1,55.4
TXN001166,2026-08-04 06:06:00,CUST0161,Consumer,Bank Transfer,355.49,GHS,KasaPay,Mobile App,Central,,RCP0158,DEV0035,SUCCESS,,712.36,356.87,377,5,2,3,99.0
TXN001167,2026-08-01 16:19:00,CUST0073,SME,Bank Transfer,139.9,GHS,SwiftCash,Mobile App,Greater Accra,,RCP0002,DEV0292,REVERSED,Settlement Failure,189.27,189.27,2095,1,0,3,46.0
TXN001168,2026-08-13 08:31:00,CUST0290,Consumer,P2P Transfer,660.01,GHS,ApexMoney,USSD,Northern,,RCP0051,DEV0260,SUCCESS,,1311.51,651.5,808,5,1,3,92.2
TXN001169,2026-08-31 22:39:00,CUST0024,Consumer,Cash-In,41.89,GHS,KasaPay,USSD,Eastern,MER068,RCP0179,DEV0349,SUCCESS,,676.28,718.17,104,2,0,1,39.4
TXN001170,2026-08-29 10:29:00,CUST0290,Consumer,Merchant Payment,18.19,GHS,ApexMoney,USSD,Western,MER032,RCP0039,DEV0057,PENDING,Awaiting Confirmation,265.44,265.44,982,2,1,3,61.3
TXN001171,2026-08-20 11:57:00,CUST0099,Consumer,Cash-In,81.95,GHS,KasaPay,API,Eastern,MER028,RCP0003,DEV0243,SUCCESS,,901.0,982.95,2127,16,0,0,84.7
TXN001172,2026-08-20 13:20:00,CUST0257,Consumer,Merchant Payment,64.45,GHS,KasaPay,POS,Northern,MER007,RCP0225,DEV0369,SUCCESS,,2646.9,2582.45,1476,4,0,3,77.7
TXN001173,2026-08-13 03:16:00,CUST0256,SME,Merchant Payment,141.97,GHS,SwiftCash,API,Ashanti,MER046,RCP0203,DEV0402,SUCCESS,,418.55,276.58,1406,3,2,2,83.2
TXN001174,2026-08-06 12:03:00,CUST0057,Consumer,Merchant Payment,203.1,GHS,SwiftCash,Mobile App,Ashanti,MER052,RCP0032,DEV0423,SUCCESS,,744.57,541.47,1983,2,2,2,69.1
TXN001175,2026-08-01 06:21:00,CUST0280,Microbusiness,Cash-In,75.63,GHS,KasaPay,POS,Ashanti,MER023,RCP0039,DEV0096,SUCCESS,,356.43,432.06,198,3,0,0,39.4
TXN001176,2026-08-11 12:06:00,CUST0179,Consumer,Merchant Payment,66.38,GHS,ApexMoney,USSD,Northern,MER059,RCP0183,DEV0078,SUCCESS,,525.32,458.94,1217,4,0,3,71.8
TXN001177,2026-08-10 19:27:00,CUST0289,Consumer,Merchant Payment,127.02,GHS,ApexMoney,USSD,Greater Accra,MER076,RCP0090,DEV0260,SUCCESS,,159.11,32.09,715,1,0,1,29.0
TXN001178,2026-08-06 22:33:00,CUST0264,Consumer,Bank Transfer,65.5,GHS,MobiLink,API,Eastern,,RCP0109,DEV0209,SUCCESS,,492.55,427.05,1492,1,0,2,35.5
TXN001179,2026-08-09 00:49:00,CUST0099,Consumer,Cash-Out,61.01,GHS,MobiLink,POS,Central,MER046,RCP0124,DEV0106,SUCCESS,,509.12,448.11,1878,10,2,0,88.3
TXN001180,2026-08-01 18:28:00,CUST0113,Microbusiness,Merchant Payment,196.68,GHS,ApexMoney,Web,Ashanti,MER056,RCP0150,DEV0046,SUCCESS,,1899.31,1702.63,183,3,1,3,71.8
TXN001181,2026-08-19 20:19:00,CUST0036,Microbusiness,Bank Transfer,237.65,GHS,ApexMoney,POS,Northern,,RCP0117,DEV0065,FAILED,Insufficient Funds,128.22,128.22,360,5,1,1,79.4
TXN001182,2026-08-29 18:01:00,CUST0031,Consumer,Bank Transfer,204.66,GHS,KasaPay,Mobile App,Ashanti,,RCP0007,DEV0153,SUCCESS,,399.15,194.49,2100,2,1,3,65.5
TXN001183,2026-08-22 09:57:00,CUST0117,SME,P2P Transfer,70.6,GHS,SwiftCash,POS,Greater Accra,,RCP0025,DEV0333,SUCCESS,,1294.77,1224.17,1089,4,1,3,81.9
TXN001184,2026-08-14 21:27:00,CUST0244,Microbusiness,Cash-In,13.21,GHS,KasaPay,USSD,Eastern,MER011,RCP0001,DEV0030,SUCCESS,,411.03,424.24,703,5,1,2,80.8
TXN001185,2026-08-14 00:40:00,CUST0152,Consumer,P2P Transfer,71.81,GHS,ApexMoney,Web,Ashanti,,RCP0069,DEV0048,SUCCESS,,433.33,361.52,347,3,1,0,56.5
TXN001186,2026-08-10 12:48:00,CUST0145,Consumer,Cash-Out,42.76,GHS,KasaPay,POS,Greater Accra,MER012,RCP0212,DEV0120,SUCCESS,,263.76,221.0,789,5,2,1,78.4
TXN001187,2026-08-05 09:57:00,CUST0074,Microbusiness,P2P Transfer,72.95,GHS,ApexMoney,Mobile App,Greater Accra,,RCP0252,DEV0394,SUCCESS,,244.83,171.88,25,5,0,2,74.7
TXN001188,2026-08-19 13:16:00,CUST0170,Microbusiness,Cash-Out,46.04,GHS,ApexMoney,Mobile App,Greater Accra,MER048,RCP0124,DEV0446,SUCCESS,,125.29,79.25,501,4,1,2,74.6
TXN001189,2026-08-18 13:29:00,CUST0192,Consumer,P2P Transfer,80.03,GHS,ApexMoney,Mobile App,Central,,RCP0008,DEV0199,FAILED,Network Timeout,307.38,307.38,414,2,0,2,49.4
TXN001190,2026-08-01 05:26:00,CUST0295,Consumer,Merchant Payment,33.67,GHS,SwiftCash,USSD,Northern,MER063,RCP0019,DEV0021,REVERSED,Duplicate Transaction,234.62,234.62,200,2,1,0,42.5
TXN001191,2026-08-13 21:08:00,CUST0099,Consumer,Bill Payment,27.42,GHS,KasaPay,Mobile App,Ashanti,,RCP0003,DEV0006,REVERSED,Duplicate Transaction,538.36,538.36,2132,9,2,2,82.8
TXN001192,2026-08-09 14:50:00,CUST0183,Consumer,Merchant Payment,230.28,GHS,ApexMoney,POS,Greater Accra,MER048,RCP0089,DEV0387,SUCCESS,,272.94,42.66,1741,3,2,0,63.8
TXN001193,2026-08-06 06:41:00,CUST0274,Consumer,Bank Transfer,35.72,GHS,KasaPay,USSD,Ashanti,,RCP0229,DEV0201,FAILED,Limit Exceeded,343.88,343.88,2069,1,1,1,41.8
TXN001194,2026-08-22 19:03:00,CUST0128,Consumer,Bill Payment,81.47,GHS,KasaPay,Web,Northern,,RCP0132,DEV0035,SUCCESS,,351.02,269.55,540,4,0,0,57.5
TXN001195,2026-08-17 07:12:00,CUST0281,Consumer,Bank Transfer,183.34,GHS,SwiftCash,Mobile App,Central,,RCP0228,DEV0007,SUCCESS,,475.27,291.93,645,2,2,2,70.46552480921692
TXN001196,2026-08-20 15:31:00,CUST0111,Consumer,P2P Transfer,177.18,GHS,MobiLink,USSD,Greater Accra,,RCP0036,DEV0239,REVERSED,Network Timeout,331.49,331.49,632,5,1,2,72.8
TXN001197,2026-08-23 02:49:00,CUST0039,Consumer,Bank Transfer,160.07,GHS,ApexMoney,Mobile App,Greater Accra,,RCP0223,DEV0158,SUCCESS,,222.22,62.15,1235,5,2,3,99.0
TXN001198,2026-08-31 10:27:00,CUST0126,Consumer,P2P Transfer,105.37,GHS,MobiLink,Web,Northern,,RCP0142,DEV0204,SUCCESS,,525.49,420.12,412,1,1,1,44.4
TXN001199,2026-08-25 21:15:00,CUST0039,Consumer,Merchant Payment,150.72,GHS,SwiftCash,Mobile App,Northern,MER015,RCP0114,DEV0102,SUCCESS,,1097.3,946.58,529,5,0,0,55.2
TXN001200,2026-08-20 05:32:00,CUST0036,Microbusiness,Bank Transfer,261.68,GHS,SwiftCash,Mobile App,Greater Accra,,RCP0137,DEV0420,SUCCESS,,542.59,280.91,2145,5,2,0,73.4
TXN001201,2026-08-28 05:59:00,CUST0265,Microbusiness,Cash-Out,116.89,GHS,KasaPay,Mobile App,Western,MER022,RCP0085,DEV0355,SUCCESS,,311.89,195.0,784,4,2,3,81.3
TXN001202,2026-08-15 19:15:00,CUST0239,Consumer,Cash-In,17.09,GHS,KasaPay,POS,Greater Accra,MER032,RCP0157,DEV0090,SUCCESS,,449.28,466.37,1721,2,2,3,66.3
TXN001203,2026-08-31 12:39:00,CUST0067,Microbusiness,Merchant Payment,51.97,GHS,ApexMoney,Mobile App,Greater Accra,MER016,RCP0200,DEV0331,SUCCESS,,105.85,53.88,515,4,0,0,56.9
TXN001204,2026-08-24 14:30:00,CUST0252,Microbusiness,Bank Transfer,147.22,GHS,MobiLink,USSD,Central,,RCP0210,DEV0081,SUCCESS,,443.83,296.61,2046,5,1,2,79.5
TXN001205,2026-08-21 04:15:00,CUST0021,Consumer,Cash-Out,47.8,GHS,KasaPay,POS,Ashanti,MER021,RCP0254,DEV0204,SUCCESS,,364.94,317.14,1531,5,1,1,79.8
TXN001206,2026-08-29 00:04:00,CUST0086,SME,Merchant Payment,322.82,GHS,KasaPay,POS,Ashanti,MER011,RCP0107,DEV0337,FAILED,Insufficient Funds,244.67,244.67,1897,3,0,1,38.4
TXN001207,2026-08-16 23:13:00,CUST0212,Consumer,Bank Transfer,77.19,GHS,KasaPay,Mobile App,Northern,,RCP0200,DEV0017,SUCCESS,,280.32,203.13,1143,4,2,2,78.7
TXN001208,2026-08-23 08:11:00,CUST0092,Consumer,P2P Transfer,87.57,GHS,ApexMoney,Mobile App,Western,,RCP0231,DEV0327,SUCCESS,,362.25,274.68,1995,2,0,3,62.1
TXN001209,2026-08-09 19:50:00,CUST0220,Microbusiness,P2P Transfer,211.88,GHS,ApexMoney,USSD,Greater Accra,,RCP0005,DEV0102,SUCCESS,,1037.27,825.39,807,2,0,0,30.4
TXN001210,2026-08-30 20:37:00,CUST0263,Consumer,Cash-In,69.73,GHS,SwiftCash,Mobile App,Eastern,MER044,RCP0123,DEV0315,SUCCESS,,1117.72,1187.45,1061,4,0,3,77.2
TXN001211,2026-08-20 07:47:00,CUST0020,Consumer,Bill Payment,94.62,GHS,KasaPay,POS,Western,,RCP0182,DEV0225,SUCCESS,,245.65,151.03,149,3,2,0,58.9
TXN001212,2026-08-25 05:48:00,CUST0008,Consumer,P2P Transfer,174.91,GHS,SwiftCash,Mobile App,Ashanti,,RCP0119,DEV0012,SUCCESS,,334.1,159.19,387,2,0,2,47.8
TXN001213,2026-08-15 06:47:00,CUST0283,Consumer,P2P Transfer,23.3,GHS,SwiftCash,USSD,Bono,,RCP0026,DEV0343,SUCCESS,,340.55,317.25,1700,4,1,0,52.9
TXN001214,2026-08-27 20:54:00,CUST0157,Consumer,P2P Transfer,63.91,GHS,KasaPay,Mobile App,Central,,RCP0170,DEV0117,SUCCESS,,904.3,840.39,729,2,0,0,23.8
TXN001215,2026-08-03 07:11:00,CUST0152,Consumer,Bank Transfer,164.81,GHS,SwiftCash,USSD,Greater Accra,,RCP0106,DEV0429,SUCCESS,,549.57,384.76,237,3,1,0,57.4
TXN001216,2026-08-04 12:53:00,CUST0140,SME,P2P Transfer,86.12,GHS,ApexMoney,Mobile App,Greater Accra,,RCP0160,DEV0378,SUCCESS,,528.26,442.14,654,2,1,3,77.4
TXN001217,2026-08-16 17:17:00,CUST0131,Consumer,Merchant Payment,283.51,GHS,SwiftCash,POS,Western,MER078,RCP0001,DEV0087,SUCCESS,,736.71,453.2,785,5,0,2,66.8
TXN001218,2026-08-23 16:54:00,CUST0208,Microbusiness,Bill Payment,21.34,GHS,SwiftCash,Mobile App,Bono,,RCP0003,DEV0271,SUCCESS,,315.04,293.7,1581,5,0,2,66.4
TXN001219,2026-08-26 02:03:00,CUST0174,Consumer,P2P Transfer,19.37,GHS,ApexMoney,API,Greater Accra,,RCP0157,DEV0163,FAILED,Service Unavailable,1370.48,1370.48,212,3,1,0,46.9
TXN001220,2026-08-14 15:25:00,CUST0050,Consumer,Cash-In,156.68,GHS,ApexMoney,POS,Greater Accra,MER017,RCP0255,DEV0271,SUCCESS,,492.1,648.78,71,4,0,3,76.0
TXN001221,2026-08-21 03:21:00,CUST0188,SME,Merchant Payment,170.02,GHS,ApexMoney,Mobile App,Central,MER045,RCP0166,DEV0251,FAILED,Network Timeout,259.32,259.32,1597,1,1,3,58.9
TXN001222,2026-08-18 03:30:00,CUST0201,Consumer,Bank Transfer,69.11,GHS,ApexMoney,Mobile App,Greater Accra,,RCP0245,DEV0134,SUCCESS,,414.79,345.68,325,5,1,1,77.0
TXN001223,2026-08-30 19:22:00,CUST0035,Consumer,Merchant Payment,114.47,GHS,KasaPay,Mobile App,Greater Accra,MER064,RCP0220,DEV0294,SUCCESS,,1241.34,1126.87,931,2,0,3,57.7
TXN001224,2026-08-21 06:39:00,CUST0114,Microbusiness,Merchant Payment,153.46,GHS,ApexMoney,Mobile App,Northern,MER031,RCP0073,DEV0007,SUCCESS,,358.22,204.76,1507,5,0,0,69.97936220192325
TXN001225,2026-08-13 22:07:00,CUST0238,Consumer,P2P Transfer,40.78,GHS,SwiftCash,Mobile App,Western,,RCP0027,DEV0409,SUCCESS,,1004.42,963.64,1138,5,1,1,88.5
TXN001226,2026-08-31 01:32:00,CUST0186,Consumer,Cash-Out,44.66,GHS,ApexMoney,Web,Northern,MER069,RCP0145,DEV0426,FAILED,Invalid PIN,308.27,308.27,284,1,2,0,39.8
TXN001227,2026-08-04 07:47:00,CUST0041,SME,Bank Transfer,95.7,GHS,ApexMoney,USSD,Eastern,,RCP0161,DEV0007,SUCCESS,,277.48,181.78,1592,1,0,0,80.77363955397487
TXN001228,2026-08-31 12:31:00,CUST0013,Consumer,P2P Transfer,175.65,GHS,ApexMoney,Mobile App,Greater Accra,,RCP0200,DEV0328,SUCCESS,,808.11,632.46,120,4,1,3,92.7
TXN001229,2026-08-05 18:35:00,CUST0175,Consumer,Merchant Payment,30.23,GHS,ApexMoney,USSD,Northern,MER002,RCP0135,DEV0419,PENDING,Awaiting Confirmation,255.83,255.83,522,5,2,1,87.0
TXN001230,2026-08-09 22:26:00,CUST0139,Consumer,Bank Transfer,68.84,GHS,MobiLink,Mobile App,Greater Accra,,RCP0239,DEV0058,FAILED,Limit Exceeded,913.15,913.15,253,4,1,2,63.4
TXN001231,2026-08-26 11:10:00,CUST0289,Consumer,P2P Transfer,66.18,GHS,ApexMoney,API,Greater Accra,,RCP0219,DEV0333,SUCCESS,,641.44,575.26,1135,1,0,3,50.2
TXN001232,2026-08-23 17:54:00,CUST0157,Consumer,P2P Transfer,116.19,GHS,ApexMoney,Mobile App,Northern,,RCP0152,DEV0422,SUCCESS,,255.9,139.71,1524,4,2,3,90.9
TXN001233,2026-08-31 01:56:00,CUST0280,Consumer,Cash-In,80.85,GHS,ApexMoney,POS,Central,MER032,RCP0143,DEV0102,SUCCESS,,467.04,547.89,1435,2,1,1,50.1
TXN001234,2026-08-24 05:59:00,CUST0065,Consumer,Merchant Payment,51.21,GHS,KasaPay,POS,Northern,MER008,RCP0005,DEV0263,SUCCESS,,326.5,275.29,319,5,1,1,67.6
TXN001235,2026-08-20 17:56:00,CUST0135,Microbusiness,P2P Transfer,235.4,GHS,KasaPay,Mobile App,Greater Accra,,RCP0203,DEV0360,REVERSED,Network Timeout,640.17,640.17,765,5,2,0,79.5
TXN001236,2026-08-11 17:47:00,CUST0042,Microbusiness,Merchant Payment,51.5,GHS,SwiftCash,Mobile App,Volta,MER033,RCP0177,DEV0151,SUCCESS,,2030.12,1978.62,334,4,0,3,79.9
TXN001237,2026-08-01 03:30:00,CUST0173,Consumer,P2P Transfer,63.54,GHS,KasaPay,Mobile App,Eastern,,RCP0233,DEV0108,SUCCESS,,373.15,309.61,763,3,2,3,93.0
TXN001238,2026-08-04 20:09:00,CUST0057,Consumer,Cash-In,21.06,GHS,SwiftCash,Web,Eastern,MER033,RCP0025,DEV0179,SUCCESS,,735.34,756.4,518,2,1,2,56.7
TXN001239,2026-08-10 05:32:00,CUST0148,Consumer,Cash-Out,44.41,GHS,KasaPay,USSD,Volta,MER040,RCP0038,DEV0151,SUCCESS,,501.86,457.45,1632,5,2,1,77.6
TXN001240,2026-08-02 06:27:00,CUST0104,Microbusiness,Cash-In,126.3,GHS,MobiLink,POS,Ashanti,MER052,RCP0174,DEV0327,SUCCESS,,501.72,628.02,1655,1,2,3,72.1
TXN001241,2026-08-16 18:05:00,CUST0056,Consumer,P2P Transfer,106.97,GHS,KasaPay,POS,Central,,RCP0127,DEV0167,SUCCESS,,435.33,328.36,1803,1,2,1,62.5
TXN001242,2026-08-25 02:20:00,CUST0030,Microbusiness,Bank Transfer,135.58,GHS,ApexMoney,Web,Eastern,,RCP0153,DEV0170,SUCCESS,,259.03,123.45,452,1,0,1,32.4
TXN001243,2026-08-30 20:39:00,CUST0154,Consumer,P2P Transfer,130.1,GHS,SwiftCash,USSD,Western,,RCP0113,DEV0426,SUCCESS,,633.56,503.46,44,3,0,3,68.7
TXN001244,2026-08-16 04:20:00,CUST0285,SME,Cash-Out,480.37,GHS,SwiftCash,USSD,Northern,MER070,RCP0166,DEV0261,FAILED,Insufficient Funds,396.8,396.8,92,1,2,1,50.6
TXN001245,2026-08-28 03:00:00,CUST0060,SME,Merchant Payment,43.13,GHS,KasaPay,None,Central,MER023,RCP0171,DEV0419,SUCCESS,,249.98,206.85,1858,3,1,3,73.0
TXN001246,2026-08-31 13:14:00,CUST0122,Consumer,Bank Transfer,20.56,GHS,MobiLink,Mobile App,Greater Accra,,RCP0050,DEV0320,SUCCESS,,1054.3,1033.74,1994,1,2,0,46.9
TXN001247,2026-08-27 15:42:00,CUST0068,Consumer,P2P Transfer,33.35,GHS,MobiLink,Web,Greater Accra,,RCP0197,DEV0399,SUCCESS,,530.73,497.38,477,5,2,1,83.4
TXN001248,2026-08-15 09:56:00,CUST0243,Consumer,P2P Transfer,44.79,GHS,ApexMoney,Mobile App,Volta,,RCP0128,DEV0088,SUCCESS,,415.27,370.48,1929,3,1,1,60.4
TXN001249,2026-08-11 01:59:00,CUST0125,Consumer,Merchant Payment,35.58,GHS,SwiftCash,Mobile App,Bono,MER031,RCP0150,DEV0423,REVERSED,Network Timeout,1346.2,1346.2,1172,1,0,1,35.0
TXN001250,2026-08-31 07:34:00,CUST0293,Microbusiness,P2P Transfer,88.2,GHS,KasaPay,POS,Bono,,RCP0161,DEV0425,SUCCESS,,124.33,36.13,418,4,0,3,76.1
TXN001251,2026-08-08 11:58:00,CUST0074,Consumer,P2P Transfer,236.22,GHS,KasaPay,Mobile App,Greater Accra,,RCP0193,DEV0019,SUCCESS,,1280.0,1043.78,698,2,2,1,63.3
TXN001252,2026-08-13 18:12:00,CUST0025,Consumer,Cash-Out,301.48,GHS,KasaPay,Mobile App,Ashanti,MER025,RCP0078,DEV0161,FAILED,Insufficient Funds,254.64,254.64,594,2,0,3,52.9
TXN001253,2026-08-03 07:04:00,CUST0175,SME,Bank Transfer,125.04,GHS,MobiLink,Mobile App,Central,,RCP0002,DEV0186,SUCCESS,,577.47,452.43,1683,4,0,0,41.5
TXN001254,2026-08-25 14:29:00,CUST0196,SME,P2P Transfer,502.74,GHS,KasaPay,USSD,Central,,RCP0048,DEV0189,FAILED,Insufficient Funds,317.02,317.02,426,5,0,1,63.7
TXN001255,2026-08-21 03:28:00,CUST0298,Consumer,Bank Transfer,60.16,GHS,KasaPay,Web,Greater Accra,,RCP0251,DEV0351,SUCCESS,,246.6,186.44,415,5,2,1,83.9
TXN001256,2026-08-03 15:06:00,CUST0262,SME,Bank Transfer,20.34,GHS,ApexMoney,Mobile App,Eastern,,RCP0058,DEV0315,SUCCESS,,1320.04,1299.7,1587,3,1,2,63.9
TXN001257,2026-08-07 21:06:00,CUST0266,Consumer,Bank Transfer,199.38,GHS,KasaPay,Mobile App,Greater Accra,,RCP0065,DEV0096,SUCCESS,,1982.6,1783.22,675,5,2,0,76.4
TXN001258,2026-08-18 05:15:00,CUST0191,Consumer,Cash-Out,17.07,GHS,MobiLink,USSD,Ashanti,MER014,RCP0223,DEV0274,SUCCESS,,417.41,400.34,561,2,1,1,55.4
TXN001259,2026-08-17 18:03:00,CUST0108,Consumer,Cash-Out,42.87,GHS,SwiftCash,API,Greater Accra,MER028,RCP0062,DEV0439,SUCCESS,,633.72,590.85,1780,5,1,2,90.1
TXN001260,2026-08-25 20:43:00,CUST0129,Consumer,Cash-In,126.73,GHS,ApexMoney,Mobile App,Greater Accra,MER040,RCP0121,DEV0199,SUCCESS,,514.27,641.0,2050,5,0,1,72.5
TXN001261,2026-08-09 05:58:00,CUST0041,Consumer,Cash-Out,74.66,GHS,MobiLink,API,Greater Accra,MER012,RCP0096,DEV0418,SUCCESS,,1804.21,1729.55,1228,3,1,3,68.1
TXN001262,2026-08-29 15:58:00,CUST0130,Consumer,Bank Transfer,69.25,GHS,SwiftCash,Web,Volta,,RCP0172,DEV0293,SUCCESS,,101.0,31.75,1823,3,1,1,51.0
TXN001263,2026-08-14 18:41:00,CUST0110,Consumer,P2P Transfer,29.85,GHS,KasaPay,Mobile App,Central,,RCP0154,DEV0417,SUCCESS,,653.83,623.98,1853,3,2,3,84.3
TXN001264,2026-08-26 12:00:00,CUST0011,SME,Merchant Payment,80.71,GHS,ApexMoney,Web,Volta,MER075,RCP0134,DEV0407,SUCCESS,,285.62,204.91,1300,1,2,0,43.5
TXN001265,2026-08-08 09:21:00,CUST0062,Consumer,P2P Transfer,191.16,GHS,KasaPay,POS,Ashanti,,RCP0130,DEV0008,FAILED,Insufficient Funds,84.19,84.19,1827,5,2,3,99.0
TXN001266,2026-08-02 03:30:00,CUST0161,Microbusiness,Bill Payment,82.85,GHS,ApexMoney,USSD,Ashanti,,RCP0217,DEV0361,SUCCESS,,376.0,293.15,34,4,2,1,72.7
TXN001267,2026-08-02 16:57:00,CUST0111,Consumer,Merchant Payment,40.22,GHS,ApexMoney,USSD,Ashanti,MER010,RCP0151,DEV0086,SUCCESS,,1970.49,1930.27,92,5,2,0,73.2
TXN001268,2026-08-12 13:17:00,CUST0299,Consumer,Cash-Out,28.21,GHS,SwiftCash,Web,Eastern,MER002,RCP0132,DEV0371,SUCCESS,,301.26,273.05,1945,1,2,2,63.9
TXN001269,2026-08-30 13:08:00,CUST0144,Consumer,Bank Transfer,40.93,GHS,MobiLink,POS,Ashanti,,RCP0230,DEV0364,SUCCESS,,891.65,850.72,321,5,2,0,67.0
TXN001270,2026-08-02 12:13:00,CUST0288,Consumer,Bill Payment,113.69,GHS,KasaPay,POS,Central,,RCP0025,DEV0117,SUCCESS,,1210.76,1097.07,1605,2,0,0,45.1
TXN001271,2026-08-12 10:31:00,CUST0199,Consumer,P2P Transfer,109.08,GHS,MobiLink,API,Western,,RCP0216,DEV0030,SUCCESS,,488.08,379.0,932,5,0,2,73.1
TXN001272,2026-08-04 09:18:00,CUST0013,SME,Bank Transfer,41.25,GHS,MobiLink,USSD,Northern,,RCP0052,DEV0189,SUCCESS,,539.34,498.09,1736,5,1,3,98.3
TXN001273,2026-08-29 21:05:00,CUST0062,Consumer,Bank Transfer,12.44,GHS,ApexMoney,POS,Greater Accra,,RCP0086,DEV0137,SUCCESS,,136.02,123.58,1468,5,0,1,60.5
TXN001274,2026-08-21 22:25:00,CUST0212,Microbusiness,P2P Transfer,116.4,GHS,ApexMoney,Web,Ashanti,,RCP0004,DEV0250,SUCCESS,,287.98,171.58,171,5,1,2,86.4
TXN001275,2026-08-24 15:26:00,CUST0164,Microbusiness,Cash-Out,37.98,GHS,SwiftCash,Mobile App,Greater Accra,MER022,RCP0148,DEV0007,FAILED,Limit Exceeded,972.88,972.88,750,1,0,0,70.625456490418
TXN001276,2026-08-23 02:39:00,CUST0091,SME,Merchant Payment,146.31,GHS,SwiftCash,Mobile App,Greater Accra,MER048,RCP0216,DEV0007,SUCCESS,,515.69,369.38,1563,2,2,0,89.24997436293373
TXN001277,2026-08-21 08:49:00,CUST0157,Consumer,Cash-In,42.83,GHS,KasaPay,USSD,Central,MER067,RCP0099,DEV0197,SUCCESS,,649.05,691.88,2028,2,1,3,66.8
TXN001278,2026-08-24 23:38:00,CUST0271,SME,Merchant Payment,35.17,GHS,SwiftCash,Web,Ashanti,MER063,RCP0172,DEV0347,SUCCESS,,544.5,509.33,1773,3,0,0,48.3
TXN001279,2026-08-01 06:02:00,CUST0117,Consumer,P2P Transfer,92.78,GHS,KasaPay,Mobile App,Central,,RCP0102,DEV0142,SUCCESS,,2550.39,2457.61,1963,5,1,1,65.0
TXN001280,2026-08-27 19:53:00,CUST0014,Consumer,P2P Transfer,604.28,GHS,SwiftCash,POS,Greater Accra,,RCP0197,DEV0146,FAILED,Insufficient Funds,356.78,356.78,2105,4,2,2,90.7
TXN001281,2026-08-23 22:27:00,CUST0094,Microbusiness,P2P Transfer,153.96,GHS,SwiftCash,Mobile App,Bono,,RCP0259,DEV0074,FAILED,Network Timeout,1642.64,1642.64,1968,3,0,0,39.7
TXN001282,2026-08-23 22:08:00,CUST0281,Consumer,P2P Transfer,91.45,GHS,ApexMoney,Mobile App,Bono,,RCP0186,DEV0128,SUCCESS,,544.64,453.19,1283,5,2,3,95.9
TXN001283,2026-08-13 04:43:00,CUST0229,Microbusiness,Cash-In,110.5,GHS,ApexMoney,USSD,Ashanti,MER007,RCP0089,DEV0135,SUCCESS,,1755.75,1866.25,749,1,2,2,72.7
TXN001284,2026-08-25 19:50:00,CUST0252,Consumer,Merchant Payment,18.39,GHS,ApexMoney,Mobile App,Northern,MER057,RCP0214,DEV0117,SUCCESS,,196.62,178.23,1125,4,2,1,87.1
TXN001285,2026-08-12 20:04:00,CUST0274,Microbusiness,P2P Transfer,31.37,GHS,MobiLink,Web,Greater Accra,,RCP0010,DEV0155,FAILED,Service Unavailable,565.94,565.94,1753,3,0,3,53.6
TXN001286,2026-08-02 12:25:00,CUST0036,Microbusiness,Cash-Out,9.64,GHS,MobiLink,Mobile App,Central,MER061,RCP0256,DEV0128,PENDING,Awaiting Confirmation,366.77,366.77,944,2,1,2,60.1
TXN001287,2026-08-29 03:24:00,CUST0085,Consumer,Cash-Out,354.39,GHS,SwiftCash,Web,Northern,MER018,RCP0218,DEV0307,FAILED,Validation Error,547.09,547.09,1830,4,2,2,89.2
TXN001288,2026-08-08 06:29:00,CUST0018,Consumer,Cash-In,298.35,GHS,ApexMoney,Mobile App,Western,MER020,RCP0170,DEV0007,SUCCESS,,1232.48,1530.83,1547,5,1,0,82.34253957191538
TXN001289,2026-08-04 03:48:00,CUST0002,Consumer,Bill Payment,113.74,GHS,KasaPay,API,Western,,RCP0161,DEV0340,SUCCESS,,654.65,540.91,472,5,1,0,74.1
TXN001290,2026-08-20 06:41:00,CUST0251,Microbusiness,Merchant Payment,91.36,GHS,ApexMoney,USSD,Ashanti,MER032,RCP0066,DEV0273,SUCCESS,,1230.64,1139.28,2026,5,0,0,62.8
TXN001291,2026-08-08 05:50:00,CUST0282,Consumer,Bank Transfer,21.78,GHS,KasaPay,Mobile App,Western,,RCP0112,DEV0289,SUCCESS,,298.07,276.29,1864,5,1,2,84.6
TXN001292,2026-08-27 14:26:00,CUST0047,Microbusiness,P2P Transfer,67.6,GHS,ApexMoney,Mobile App,Central,,RCP0027,DEV0263,SUCCESS,,265.83,198.23,1325,3,2,3,99.0
TXN001293,2026-08-14 18:09:00,CUST0217,Consumer,Cash-Out,373.73,GHS,SwiftCash,Mobile App,Greater Accra,MER046,RCP0088,DEV0416,REVERSED,Duplicate Transaction,498.74,498.74,439,1,0,3,55.6
TXN001294,2026-08-01 03:20:00,CUST0161,Consumer,Bill Payment,91.08,GHS,ApexMoney,USSD,Greater Accra,,RCP0153,DEV0116,SUCCESS,,478.67,387.59,511,5,2,2,90.9
TXN001295,2026-08-30 12:04:00,CUST0021,Microbusiness,Bank Transfer,50.4,GHS,SwiftCash,POS,Western,,RCP0094,DEV0443,SUCCESS,,428.63,378.23,1849,3,2,0,55.7
TXN001296,2026-08-16 22:53:00,CUST0275,Microbusiness,Cash-In,18.28,GHS,MobiLink,USSD,Eastern,MER025,RCP0200,DEV0093,SUCCESS,,240.09,258.37,53,4,0,2,72.5
TXN001297,2026-08-09 03:39:00,CUST0262,Consumer,Cash-In,263.29,GHS,SwiftCash,USSD,Ashanti,MER077,RCP0221,DEV0063,SUCCESS,,1210.74,1474.03,1071,1,2,2,56.2
TXN001298,2026-08-21 23:54:00,CUST0171,Consumer,Merchant Payment,76.74,GHS,ApexMoney,USSD,Northern,MER026,RCP0146,DEV0372,SUCCESS,,375.35,298.61,1367,5,1,2,80.5
TXN001299,2026-08-17 10:46:00,CUST0213,Microbusiness,Cash-Out,18.3,GHS,MobiLink,USSD,Eastern,MER070,RCP0089,DEV0404,FAILED,Service Unavailable,1435.92,1435.92,523,5,0,2,71.6
TXN001300,2026-08-01 22:01:00,CUST0120,Microbusiness,Bank Transfer,37.13,GHS,SwiftCash,POS,Ashanti,,RCP0079,DEV0042,SUCCESS,,497.48,460.35,1904,5,1,2,85.1
TXN001301,2026-08-24 13:10:00,CUST0238,Consumer,Bill Payment,27.5,GHS,KasaPay,USSD,Ashanti,,RCP0142,DEV0270,SUCCESS,,801.37,773.87,1156,1,1,2,49.8
TXN001302,2026-08-13 10:36:00,CUST0134,Consumer,Merchant Payment,72.82,GHS,SwiftCash,POS,Eastern,MER016,RCP0187,DEV0231,SUCCESS,,748.66,675.84,159,5,0,1,56.1
TXN001303,2026-08-22 16:39:00,CUST0297,Consumer,P2P Transfer,97.15,GHS,MobiLink,API,Central,,RCP0033,DEV0100,SUCCESS,,265.55,168.4,714,4,1,0,64.0
TXN001304,2026-08-28 18:21:00,CUST0019,Consumer,Cash-In,53.1,GHS,KasaPay,Mobile App,Eastern,MER073,RCP0117,DEV0235,SUCCESS,,648.98,702.08,883,1,1,0,30.6
TXN001305,2026-08-19 22:17:00,CUST0052,Consumer,P2P Transfer,157.67,GHS,KasaPay,Mobile App,Ashanti,,RCP0115,DEV0309,SUCCESS,,2092.78,1935.11,501,3,1,3,88.1
TXN001306,2026-08-21 19:40:00,CUST0291,Consumer,P2P Transfer,87.09,GHS,KasaPay,Mobile App,Central,,RCP0075,DEV0259,SUCCESS,,595.09,508.0,2069,3,1,1,59.8
TXN001307,2026-08-08 21:27:00,CUST0087,Microbusiness,Merchant Payment,200.93,GHS,ApexMoney,USSD,Central,MER056,RCP0062,DEV0234,SUCCESS,,968.7,767.77,802,4,1,1,73.6
TXN001308,2026-08-08 08:49:00,CUST0094,Consumer,Cash-Out,60.12,GHS,SwiftCash,Mobile App,Western,MER028,RCP0218,DEV0399,REVERSED,Network Timeout,828.78,828.78,1111,1,1,1,45.8
TXN001309,2026-08-13 20:45:00,CUST0238,Microbusiness,P2P Transfer,1084.12,GHS,ApexMoney,API,Greater Accra,,RCP0113,DEV0102,FAILED,Insufficient Funds,620.35,620.35,1184,3,1,0,56.9
TXN001310,2026-08-27 10:28:00,CUST0057,Consumer,P2P Transfer,50.41,GHS,KasaPay,USSD,Central,,RCP0150,DEV0281,SUCCESS,,566.72,516.31,497,4,2,3,97.4
TXN001311,2026-08-17 05:59:00,CUST0155,Consumer,P2P Transfer,37.79,GHS,KasaPay,USSD,Ashanti,,RCP0010,DEV0143,FAILED,Validation Error,742.84,742.84,1255,4,2,0,68.4
TXN001312,2026-08-11 18:56:00,CUST0086,Consumer,Bank Transfer,34.04,GHS,ApexMoney,POS,Greater Accra,,RCP0074,DEV0439,SUCCESS,,873.46,839.42,787,4,1,0,63.6
TXN001313,2026-08-25 04:01:00,CUST0060,Consumer,Cash-Out,68.08,GHS,KasaPay,Mobile App,Central,MER073,RCP0058,DEV0114,FAILED,Network Timeout,178.73,178.73,37,4,2,1,90.9
TXN001314,2026-08-27 10:53:00,CUST0290,Microbusiness,P2P Transfer,18.89,GHS,KasaPay,Web,Central,,RCP0086,DEV0393,REVERSED,Settlement Failure,593.17,593.17,906,4,2,1,74.4
TXN001315,2026-08-28 23:29:00,CUST0060,SME,P2P Transfer,104.62,GHS,ApexMoney,Mobile App,Ashanti,,RCP0218,DEV0285,FAILED,Service Unavailable,429.21,429.21,1290,1,0,0,27.8
TXN001316,2026-08-10 06:24:00,CUST0029,Microbusiness,Cash-In,16.13,GHS,ApexMoney,USSD,Western,MER066,RCP0149,DEV0097,SUCCESS,,367.36,383.49,271,4,1,1,66.0
TXN001317,2026-08-22 23:58:00,CUST0203,Microbusiness,P2P Transfer,93.45,GHS,MobiLink,API,Greater Accra,,RCP0234,DEV0342,SUCCESS,,1302.41,1208.96,1717,2,2,3,81.0
TXN001318,2026-08-19 07:11:00,CUST0261,Microbusiness,Cash-In,25.83,GHS,MobiLink,POS,Greater Accra,MER036,RCP0110,DEV0109,SUCCESS,,284.33,310.16,1458,3,0,1,48.3
TXN001319,2026-08-14 22:02:00,CUST0039,Microbusiness,Merchant Payment,58.9,GHS,KasaPay,Web,Ashanti,MER057,RCP0200,DEV0119,SUCCESS,,173.11,114.21,692,3,1,3,63.1
TXN001320,2026-08-13 07:19:00,CUST0213,Consumer,Bill Payment,136.16,GHS,ApexMoney,Mobile App,Ashanti,,RCP0042,DEV0156,REVERSED,Network Timeout,894.97,894.97,1308,5,2,1,82.8
TXN001321,2026-08-04 13:13:00,CUST0163,Microbusiness,P2P Transfer,577.34,GHS,ApexMoney,Web,Central,,RCP0212,DEV0307,FAILED,Insufficient Funds,169.81,169.81,678,2,2,0,57.0
TXN001322,2026-08-09 12:28:00,CUST0250,Consumer,Cash-Out,32.58,GHS,ApexMoney,USSD,Western,MER030,RCP0159,DEV0177,SUCCESS,,116.05,83.47,1430,2,2,0,46.4
TXN001323,2026-08-18 00:57:00,CUST0039,Consumer,P2P Transfer,71.68,GHS,KasaPay,USSD,Central,,RCP0011,DEV0257,SUCCESS,,973.79,902.11,351,4,1,3,89.5
TXN001324,2026-08-28 11:35:00,CUST0293,Microbusiness,Bill Payment,44.03,GHS,MobiLink,Mobile App,Greater Accra,,RCP0179,DEV0249,SUCCESS,,555.04,511.01,1349,4,0,1,57.1
TXN001325,2026-08-27 20:33:00,CUST0186,Microbusiness,Bill Payment,38.89,GHS,SwiftCash,Mobile App,Ashanti,,RCP0125,DEV0089,SUCCESS,,702.43,663.54,135,2,0,3,56.9
TXN001326,2026-08-06 19:34:00,CUST0253,Consumer,Cash-Out,44.36,GHS,KasaPay,USSD,Greater Accra,MER050,RCP0001,DEV0105,SUCCESS,,353.6,309.24,51,2,2,3,83.4
TXN001327,2026-08-22 01:24:00,CUST0109,SME,Merchant Payment,164.1,GHS,MobiLink,Mobile App,Central,MER060,RCP0220,DEV0139,SUCCESS,,174.46,10.36,570,5,2,0,79.1
TXN001328,2026-08-03 15:05:00,CUST0284,Consumer,P2P Transfer,53.79,GHS,KasaPay,POS,Greater Accra,,RCP0140,DEV0101,SUCCESS,,202.48,148.69,396,5,0,1,66.5
TXN001329,2026-08-21 22:12:00,CUST0188,Microbusiness,Bank Transfer,551.1,GHS,ApexMoney,Web,Ashanti,,RCP0158,DEV0414,FAILED,Insufficient Funds,401.76,401.76,1087,1,0,2,47.1
TXN001330,2026-08-11 14:23:00,CUST0039,SME,Cash-Out,116.0,GHS,KasaPay,Web,Western,MER035,RCP0150,DEV0172,FAILED,Service Unavailable,189.75,189.75,376,2,0,0,32.2
TXN001331,2026-08-14 22:41:00,CUST0277,Consumer,P2P Transfer,34.52,GHS,ApexMoney,Mobile App,Central,,RCP0024,DEV0183,SUCCESS,,620.35,585.83,549,4,2,3,84.1
TXN001332,2026-08-23 05:55:00,CUST0239,SME,Merchant Payment,59.64,GHS,MobiLink,API,Greater Accra,MER022,RCP0087,DEV0303,SUCCESS,,348.33,288.69,229,1,2,0,40.7
TXN001333,2026-08-14 04:07:00,CUST0091,Microbusiness,Merchant Payment,41.2,GHS,KasaPay,Mobile App,Greater Accra,MER057,RCP0182,DEV0355,SUCCESS,,566.1,524.9,1952,1,2,3,59.2
TXN001334,2026-08-26 00:43:00,CUST0164,Microbusiness,Bank Transfer,160.78,GHS,SwiftCash,USSD,Eastern,,RCP0088,DEV0310,SUCCESS,,553.55,267.77,1622,1,0,3,53.9
TXN001335,2026-08-17 12:59:00,CUST0117,SME,Cash-Out,20.23,GHS,KasaPay,Web,Ashanti,MER076,RCP0231,DEV0249,FAILED,Limit Exceeded,658.59,658.59,490,3,2,2,82.4
TXN001336,2026-08-31 23:03:00,CUST0164,Consumer,Cash-In,26.05,GHS,MobiLink,Mobile App,Greater Accra,MER018,RCP0083,DEV0440,SUCCESS,,716.67,742.72,277,3,2,3,91.7
TXN001337,2026-08-20 18:51:00,CUST0290,Consumer,Cash-In,49.26,GHS,SwiftCash,Mobile App,Northern,MER016,RCP0120,DEV0405,SUCCESS,,380.72,429.98,1872,2,1,3,70.9
TXN001338,2026-08-10 04:29:00,CUST0270,Consumer,P2P Transfer,145.55,GHS,KasaPay,Mobile App,Ashanti,,RCP0116,DEV0092,SUCCESS,,565.65,420.1,1475,1,2,2,66.8
TXN001339,2026-08-25 00:48:00,CUST0065,Consumer,Merchant Payment,232.32,GHS,ApexMoney,USSD,Ashanti,MER073,RCP0005,DEV0073,SUCCESS,,588.16,355.84,1950,4,1,2,65.5
TXN001340,2026-08-13 15:30:00,CUST0292,Consumer,P2P Transfer,263.34,GHS,MobiLink,Web,Greater Accra,,RCP0211,DEV0177,FAILED,Limit Exceeded,79.7,79.7,404,5,0,1,63.4
TXN001341,2026-08-17 13:25:00,CUST0132,Consumer,Bank Transfer,127.78,GHS,KasaPay,Mobile App,Ashanti,,RCP0036,DEV0376,SUCCESS,,800.23,672.45,798,2,1,1,41.5
TXN001342,2026-08-05 05:47:00,CUST0212,Consumer,Merchant Payment,75.91,GHS,ApexMoney,Mobile App,Greater Accra,MER033,RCP0122,DEV0435,REVERSED,Duplicate Transaction,551.4,551.4,273,4,0,3,71.9
TXN001343,2026-08-04 16:47:00,CUST0230,Microbusiness,Merchant Payment,160.04,GHS,MobiLink,USSD,Greater Accra,MER054,RCP0236,DEV0317,SUCCESS,,752.23,592.19,940,4,0,0,56.7
TXN001344,2026-08-18 19:42:00,CUST0145,SME,P2P Transfer,30.79,GHS,ApexMoney,Mobile App,Eastern,,RCP0258,DEV0311,SUCCESS,,187.7,156.91,370,3,1,1,64.6
TXN001345,2026-08-06 18:53:00,CUST0137,SME,P2P Transfer,16.98,GHS,ApexMoney,POS,Ashanti,,RCP0060,DEV0106,FAILED,Network Timeout,388.84,388.84,24,3,2,2,81.0
TXN001346,2026-08-31 22:11:00,CUST0137,Consumer,Cash-In,118.05,GHS,KasaPay,API,Northern,MER001,RCP0098,DEV0267,SUCCESS,,217.32,335.37,1125,1,0,1,30.9
TXN001347,2026-08-27 12:37:00,CUST0259,Consumer,P2P Transfer,34.65,GHS,ApexMoney,POS,Volta,,RCP0147,DEV0083,SUCCESS,,861.31,826.66,2154,5,0,1,58.0
TXN001348,2026-08-22 17:27:00,CUST0116,Consumer,P2P Transfer,77.05,GHS,KasaPay,Web,Greater Accra,,RCP0182,DEV0243,SUCCESS,,171.77,94.72,1425,5,2,2,94.1
TXN001349,2026-08-23 18:36:00,CUST0084,Consumer,Cash-Out,90.17,GHS,ApexMoney,USSD,Greater Accra,MER055,RCP0065,DEV0088,SUCCESS,,245.55,155.38,1668,4,0,1,62.7
TXN001350,2026-08-19 10:50:00,CUST0109,Consumer,Merchant Payment,100.57,GHS,ApexMoney,Web,Western,MER036,RCP0143,DEV0034,SUCCESS,,735.64,635.07,1789,5,0,3,84.5
TXN001351,2026-08-02 20:51:00,CUST0059,Consumer,Merchant Payment,180.75,GHS,ApexMoney,Mobile App,Bono,MER050,RCP0217,DEV0436,SUCCESS,,307.34,126.59,2139,4,0,0,37.5
TXN001352,2026-08-13 03:55:00,CUST0118,SME,Merchant Payment,165.22,GHS,ApexMoney,Mobile App,Northern,MER038,RCP0198,DEV0403,SUCCESS,,245.6,80.38,295,4,0,1,56.6
TXN001353,2026-08-16 08:52:00,CUST0035,Consumer,Bank Transfer,96.13,GHS,MobiLink,POS,Greater Accra,,RCP0213,DEV0309,SUCCESS,,972.66,876.53,562,5,2,3,90.5
TXN001354,2026-08-29 08:58:00,CUST0027,Microbusiness,Merchant Payment,55.94,GHS,KasaPay,Mobile App,Greater Accra,MER060,RCP0231,DEV0282,SUCCESS,,1003.03,947.09,1361,1,1,1,46.8
TXN001355,2026-08-07 19:18:00,CUST0218,Microbusiness,Cash-Out,89.26,GHS,KasaPay,Web,Greater Accra,MER058,RCP0224,DEV0108,SUCCESS,,846.88,757.62,1808,2,2,2,64.8
TXN001356,2026-08-16 09:42:00,CUST0024,Microbusiness,Bill Payment,49.07,GHS,KasaPay,POS,Western,,RCP0133,DEV0007,SUCCESS,,931.25,882.18,1705,2,2,2,61.7
TXN001357,2026-08-11 15:59:00,CUST0171,Consumer,Cash-Out,68.93,GHS,SwiftCash,API,Eastern,MER067,RCP0253,DEV0337,SUCCESS,,414.19,345.26,1604,4,1,1,70.9
TXN001358,2026-08-05 03:58:00,CUST0234,Consumer,Merchant Payment,754.04,GHS,ApexMoney,Mobile App,Ashanti,MER031,RCP0129,DEV0243,FAILED,Insufficient Funds,422.65,422.65,697,2,2,2,72.4
TXN001359,2026-08-04 04:38:00,CUST0218,SME,Cash-Out,95.09,GHS,ApexMoney,USSD,Ashanti,MER057,RCP0184,DEV0127,SUCCESS,,303.06,207.97,812,2,0,0,32.4
TXN001360,2026-08-12 07:50:00,CUST0134,Consumer,Merchant Payment,119.43,GHS,SwiftCash,POS,Greater Accra,MER029,RCP0245,DEV0177,SUCCESS,,558.8,439.37,189,3,0,2,70.2
TXN001361,2026-08-03 13:19:00,CUST0059,Consumer,Merchant Payment,10402.35,GHS,KasaPay,Mobile App,Eastern,MER070,RCP0012,DEV0379,SUCCESS,,331.65,286.93,700,4,2,0,86.71338477473122
TXN001362,2026-08-03 01:58:00,CUST0280,SME,Cash-In,193.85,GHS,SwiftCash,USSD,Greater Accra,MER049,RCP0242,DEV0115,SUCCESS,,356.1,549.95,355,3,1,2,63.1
TXN001363,2026-08-11 21:02:00,CUST0251,Microbusiness,Merchant Payment,155.44,GHS,MobiLink,POS,Eastern,MER067,RCP0213,DEV0433,SUCCESS,,772.73,617.29,2064,1,1,0,36.1
TXN001364,2026-08-07 06:16:00,CUST0184,Microbusiness,P2P Transfer,156.37,GHS,SwiftCash,API,Central,,RCP0259,DEV0340,SUCCESS,,1197.99,1041.62,215,4,1,3,82.3
TXN001365,2026-08-18 04:46:00,CUST0027,Consumer,Merchant Payment,97.77,GHS,ApexMoney,POS,Central,MER002,RCP0201,DEV0401,SUCCESS,,664.27,566.5,809,3,2,2,84.6
TXN001366,2026-08-01 13:08:00,CUST0011,Consumer,P2P Transfer,196.19,GHS,ApexMoney,Mobile App,Greater Accra,,RCP0041,DEV0230,SUCCESS,,1892.66,1696.47,1953,1,0,0,24.7
TXN001367,2026-08-10 08:32:00,CUST0095,Microbusiness,Merchant Payment,240.07,GHS,ApexMoney,USSD,Western,MER043,RCP0079,DEV0101,FAILED,Limit Exceeded,290.29,290.29,2103,4,2,0,69.3
TXN001368,2026-08-15 01:14:00,CUST0048,Consumer,Cash-In,103.61,GHS,SwiftCash,USSD,Central,MER077,RCP0001,DEV0016,SUCCESS,,124.15,227.76,838,2,2,0,42.3
TXN001369,2026-08-30 20:34:00,CUST0259,Consumer,Bill Payment,73.89,GHS,MobiLink,Mobile App,Greater Accra,,RCP0158,DEV0241,SUCCESS,,842.16,768.27,1031,3,2,3,86.4
TXN001370,2026-08-20 16:05:00,CUST0062,Consumer,P2P Transfer,174.23,GHS,MobiLink,USSD,Greater Accra,,RCP0114,DEV0180,SUCCESS,,276.2,101.97,1158,5,0,2,72.7
TXN001371,2026-08-28 07:15:00,CUST0085,Consumer,Cash-In,37.77,GHS,ApexMoney,Mobile App,Eastern,MER038,RCP0123,DEV0052,SUCCESS,,401.31,439.08,1811,2,0,1,33.9
TXN001372,2026-08-11 15:24:00,CUST0293,Consumer,Merchant Payment,44.24,GHS,MobiLink,Mobile App,Greater Accra,MER077,RCP0190,DEV0418,SUCCESS,,130.67,86.43,1694,5,0,1,62.7
TXN001373,2026-08-14 22:35:00,CUST0246,Microbusiness,P2P Transfer,77.84,GHS,KasaPay,USSD,Greater Accra,,RCP0213,DEV0437,SUCCESS,,251.03,173.19,1160,3,2,0,61.6
TXN001374,2026-08-14 00:45:00,CUST0066,Consumer,P2P Transfer,18.54,GHS,SwiftCash,Mobile App,Greater Accra,,RCP0019,DEV0169,SUCCESS,,159.71,141.17,826,5,1,0,65.0
TXN001375,2026-08-28 12:13:00,CUST0116,Consumer,P2P Transfer,164.59,GHS,KasaPay,USSD,Greater Accra,,RCP0238,DEV0301,SUCCESS,,355.77,191.18,828,5,2,3,93.5
TXN001376,2026-08-30 17:39:00,CUST0155,SME,P2P Transfer,35.93,GHS,ApexMoney,Mobile App,Ashanti,,RCP0097,DEV0186,FAILED,Insufficient Funds,366.53,366.53,1433,5,0,2,71.4
TXN001377,2026-08-30 19:58:00,CUST0200,SME,P2P Transfer,54.56,GHS,ApexMoney,POS,Eastern,,RCP0195,DEV0224,FAILED,Invalid PIN,527.14,527.14,1840,2,1,1,47.2
TXN001378,2026-08-24 07:27:00,CUST0281,Microbusiness,Merchant Payment,67.95,GHS,MobiLink,Mobile App,Greater Accra,MER035,RCP0151,DEV0281,SUCCESS,,1248.62,1180.67,182,4,0,0,48.2
TXN001379,2026-08-16 14:18:00,CUST0262,SME,Cash-In,84.22,GHS,KasaPay,Web,Central,MER025,RCP0115,DEV0188,SUCCESS,,818.67,902.89,1694,2,2,1,60.5
TXN001380,2026-08-17 18:23:00,CUST0294,Consumer,P2P Transfer,60.82,GHS,KasaPay,Mobile App,Greater Accra,,RCP0056,DEV0361,SUCCESS,,145.97,85.15,1065,5,0,1,61.5
TXN001381,2026-08-31 09:29:00,CUST0013,Consumer,P2P Transfer,76.92,GHS,KasaPay,USSD,Greater Accra,,RCP0050,DEV0086,FAILED,Insufficient Funds,777.44,777.44,332,5,1,0,62.3
TXN001382,2026-08-09 19:41:00,CUST0071,Consumer,P2P Transfer,77.43,GHS,KasaPay,Mobile App,Greater Accra,,RCP0190,DEV0301,SUCCESS,,535.83,458.4,225,4,2,2,85.4
TXN001383,2026-08-11 17:57:00,CUST0099,Consumer,Cash-In,55.7,GHS,MobiLink,Mobile App,Western,MER012,RCP0003,DEV0443,SUCCESS,,457.89,513.59,751,15,2,2,81.0
TXN001384,2026-08-28 19:21:00,CUST0015,Microbusiness,Merchant Payment,42.22,GHS,ApexMoney,USSD,Volta,MER010,RCP0060,DEV0383,FAILED,Insufficient Funds,484.43,484.43,557,3,2,3,87.7
TXN001385,2026-08-12 23:25:00,CUST0107,Microbusiness,Cash-In,204.23,GHS,ApexMoney,Web,Ashanti,MER025,RCP0002,DEV0021,FAILED,Insufficient Funds,574.45,574.45,242,1,1,1,50.5
TXN001386,2026-08-08 06:54:00,CUST0047,Consumer,P2P Transfer,13.62,GHS,SwiftCash,Web,Greater Accra,,RCP0218,DEV0052,SUCCESS,,293.27,279.65,655,5,0,1,70.8
TXN001387,2026-08-18 08:59:00,CUST0280,Consumer,P2P Transfer,68.38,GHS,KasaPay,Mobile App,Greater Accra,,RCP0103,DEV0283,FAILED,Insufficient Funds,429.76,429.76,1836,3,0,3,75.0
TXN001388,2026-08-11 02:03:00,CUST0019,SME,Bill Payment,54.68,GHS,ApexMoney,Mobile App,Greater Accra,,RCP0091,DEV0417,SUCCESS,,1197.46,1142.78,1582,1,1,1,50.2
TXN001389,2026-08-28 14:48:00,CUST0045,Consumer,P2P Transfer,116.28,GHS,ApexMoney,POS,Western,,RCP0097,DEV0007,SUCCESS,,290.64,174.36,471,1,1,2,83.44115960155096
TXN001390,2026-08-29 04:20:00,CUST0059,Consumer,P2P Transfer,23.66,GHS,ApexMoney,USSD,Greater Accra,,RCP0156,DEV0407,REVERSED,Settlement Failure,227.6,227.6,1487,4,1,2,68.1
TXN001391,2026-08-10 11:40:00,CUST0045,Consumer,P2P Transfer,53.26,GHS,ApexMoney,Mobile App,Bono,,RCP0125,DEV0068,SUCCESS,,470.46,417.2,1001,5,0,3,85.9
TXN001392,2026-08-17 09:58:00,CUST0171,Consumer,Bill Payment,74.66,GHS,ApexMoney,POS,Eastern,,RCP0141,DEV0234,SUCCESS,,211.05,136.39,1647,4,2,1,83.3
TXN001393,2026-08-31 12:05:00,CUST0110,Consumer,Cash-In,202.26,GHS,ApexMoney,USSD,Ashanti,MER076,RCP0072,DEV0327,SUCCESS,,135.36,337.62,555,3,1,2,75.4
TXN001394,2026-08-24 00:17:00,CUST0274,Consumer,Cash-In,108.02,GHS,SwiftCash,POS,Western,MER005,RCP0077,DEV0282,SUCCESS,,380.56,488.58,149,2,0,0,26.4
TXN001395,2026-08-07 16:25:00,CUST0079,Consumer,Bill Payment,29.79,GHS,MobiLink,Mobile App,Greater Accra,,RCP0224,DEV0350,SUCCESS,,1460.4,1430.61,698,3,2,3,89.9
TXN001396,2026-08-19 07:30:00,CUST0162,Consumer,P2P Transfer,53.82,GHS,MobiLink,USSD,Western,,RCP0114,DEV0096,SUCCESS,,478.69,424.87,2186,2,1,0,41.5
TXN001397,2026-08-20 05:11:00,CUST0199,Consumer,Bill Payment,172.97,GHS,KasaPay,Mobile App,Greater Accra,,RCP0252,DEV0206,SUCCESS,,563.37,390.4,1229,2,0,2,60.1
TXN001398,2026-08-21 06:09:00,CUST0188,Consumer,P2P Transfer,29.35,GHS,ApexMoney,POS,Western,,RCP0220,DEV0202,SUCCESS,,99.72,70.37,133,1,1,0,24.7
TXN001399,2026-08-01 18:36:00,CUST0239,Consumer,Cash-In,76.18,GHS,MobiLink,Mobile App,Ashanti,MER036,RCP0185,DEV0423,FAILED,Service Unavailable,684.44,684.44,2146,3,2,1,63.4
TXN001400,2026-08-10 06:44:00,CUST0061,Consumer,Merchant Payment,80.82,GHS,SwiftCash,POS,Greater Accra,MER013,RCP0143,DEV0092,SUCCESS,,528.49,447.67,1819,2,2,0,40.1
TXN001401,2026-08-27 11:49:00,CUST0153,Microbusiness,Merchant Payment,58.68,GHS,KasaPay,POS,Western,MER019,RCP0217,DEV0147,SUCCESS,,299.26,240.58,1202,1,0,2,41.9
TXN001402,2026-08-08 11:34:00,CUST0241,Microbusiness,Bill Payment,805.44,GHS,ApexMoney,POS,Greater Accra,,RCP0015,DEV0010,FAILED,Insufficient Funds,563.99,563.99,1632,2,2,1,73.6
TXN001403,2026-08-10 06:58:00,CUST0259,Consumer,P2P Transfer,57.35,GHS,ApexMoney,Mobile App,Greater Accra,,RCP0130,DEV0069,SUCCESS,,559.81,502.46,418,4,1,2,74.7
TXN001404,2026-08-10 23:56:00,CUST0186,Consumer,Bill Payment,119.38,GHS,KasaPay,Mobile App,Western,,RCP0185,DEV0442,SUCCESS,,222.6,103.22,1307,3,2,1,68.6
TXN001405,2026-08-06 11:58:00,CUST0196,Consumer,Merchant Payment,42.46,GHS,KasaPay,USSD,Ashanti,MER039,RCP0029,DEV0382,FAILED,Validation Error,632.0,632.0,2009,3,2,0,62.3
TXN001406,2026-08-05 19:38:00,CUST0260,Consumer,Cash-In,127.56,GHS,ApexMoney,USSD,Northern,MER027,RCP0048,DEV0117,REVERSED,Network Timeout,1209.37,1209.37,973,3,2,2,76.3
TXN001407,2026-08-11 18:10:00,CUST0188,Microbusiness,Bill Payment,170.74,GHS,MobiLink,Web,Eastern,,RCP0017,DEV0316,SUCCESS,,415.32,244.58,100,3,1,2,69.2
TXN001408,2026-08-28 02:29:00,CUST0285,SME,P2P Transfer,49.41,GHS,KasaPay,Mobile App,Eastern,,RCP0126,DEV0267,REVERSED,Settlement Failure,257.06,257.06,1669,3,1,2,69.4
TXN001409,2026-08-01 01:08:00,CUST0039,Consumer,Bill Payment,77.75,GHS,KasaPay,Web,Greater Accra,,RCP0141,DEV0408,SUCCESS,,431.3,353.55,1610,5,2,1,78.9
TXN001410,2026-08-09 18:44:00,CUST0105,Consumer,Cash-In,38.05,GHS,ApexMoney,Mobile App,Greater Accra,MER038,RCP0122,DEV0136,SUCCESS,,935.39,973.44,1631,4,2,2,84.4
TXN001411,2026-08-02 21:06:00,CUST0034,Consumer,Cash-Out,30.79,GHS,SwiftCash,Mobile App,Bono,MER058,RCP0015,DEV0448,SUCCESS,,196.42,165.63,1431,1,2,2,65.5
TXN001412,2026-08-18 09:44:00,CUST0028,Consumer,P2P Transfer,196.62,GHS,SwiftCash,Mobile App,Greater Accra,,RCP0127,DEV0167,SUCCESS,,760.46,563.84,314,5,2,0,80.6
TXN001413,2026-08-08 18:26:00,CUST0142,Consumer,Cash-In,50.86,GHS,ApexMoney,POS,Ashanti,MER018,RCP0231,DEV0323,FAILED,Limit Exceeded,296.33,296.33,265,1,1,0,40.8
TXN001414,2026-08-25 13:13:00,CUST0068,Consumer,Cash-Out,10.47,GHS,KasaPay,Mobile App,Greater Accra,MER054,RCP0009,DEV0179,SUCCESS,,590.84,580.37,1746,1,2,1,54.0
TXN001415,2026-08-19 03:15:00,CUST0123,Consumer,Merchant Payment,365.24,GHS,SwiftCash,Mobile App,Greater Accra,MER062,RCP0201,DEV0303,FAILED,Insufficient Funds,322.71,322.71,1883,3,2,0,61.1
TXN001416,2026-08-25 07:09:00,CUST0132,Microbusiness,P2P Transfer,41.19,GHS,SwiftCash,POS,Eastern,,RCP0071,DEV0151,SUCCESS,,322.06,280.87,186,2,0,2,53.5
TXN001417,2026-08-20 16:22:00,CUST0187,Consumer,P2P Transfer,66.06,GHS,ApexMoney,USSD,Western,,RCP0020,DEV0380,SUCCESS,,1544.29,1478.23,1284,4,0,0,43.4
TXN001418,2026-08-14 14:09:00,CUST0284,Consumer,Bank Transfer,328.58,GHS,MobiLink,Mobile App,Western,,RCP0014,DEV0287,FAILED,Insufficient Funds,171.26,171.26,1108,4,2,0,63.2
TXN001419,2026-08-27 16:33:00,CUST0255,SME,P2P Transfer,72.21,GHS,KasaPay,Mobile App,Northern,,RCP0004,DEV0130,REVERSED,Settlement Failure,709.12,709.12,779,1,1,0,32.3
TXN001420,2026-08-15 18:20:00,CUST0114,Microbusiness,Cash-Out,70.89,GHS,ApexMoney,USSD,Greater Accra,MER050,RCP0108,DEV0433,SUCCESS,,1805.32,1734.43,1424,3,2,1,60.3
TXN001421,2026-08-30 10:45:00,CUST0098,Consumer,Bill Payment,28.68,GHS,ApexMoney,Mobile App,Ashanti,,RCP0129,DEV0320,SUCCESS,,823.98,795.3,2012,4,0,0,49.4
TXN001422,2026-08-31 20:03:00,CUST0232,SME,P2P Transfer,20.3,GHS,ApexMoney,Mobile App,Greater Accra,,RCP0161,DEV0193,SUCCESS,,181.58,161.28,1810,4,1,2,81.3
TXN001423,2026-08-19 06:13:00,CUST0038,Microbusiness,P2P Transfer,70.71,GHS,ApexMoney,USSD,Central,,RCP0022,DEV0062,SUCCESS,,188.45,117.74,349,3,2,0,54.7
TXN001424,2026-08-21 21:54:00,CUST0163,Consumer,Cash-Out,110.87,GHS,KasaPay,Mobile App,Greater Accra,MER031,RCP0170,DEV0438,SUCCESS,,280.42,169.55,1026,4,1,3,86.6
TXN001425,2026-08-08 22:12:00,CUST0127,Consumer,P2P Transfer,105.6,GHS,SwiftCash,USSD,Eastern,,RCP0192,DEV0340,SUCCESS,,554.7,449.1,2059,3,2,2,73.2
TXN001426,2026-08-26 06:05:00,CUST0055,Consumer,Cash-In,54.11,GHS,ApexMoney,Mobile App,Greater Accra,MER057,RCP0017,DEV0301,SUCCESS,,583.74,637.85,532,2,0,0,24.9
TXN001427,2026-08-21 19:39:00,CUST0185,Consumer,Cash-Out,82.87,GHS,MobiLink,Mobile App,Western,MER039,RCP0175,DEV0375,SUCCESS,,189.85,106.98,1881,3,1,1,70.3
TXN001428,2026-08-28 23:30:00,CUST0097,SME,Cash-In,17.09,GHS,ApexMoney,Mobile App,Western,MER045,RCP0031,DEV0274,SUCCESS,,256.07,273.16,1087,4,1,0,51.0
TXN001429,2026-08-09 06:39:00,CUST0056,Consumer,Merchant Payment,120.44,GHS,KasaPay,Mobile App,Northern,MER052,RCP0114,DEV0105,SUCCESS,,268.11,147.67,1154,1,2,3,62.3
TXN001430,2026-08-25 09:58:00,CUST0196,Consumer,Cash-Out,93.43,GHS,MobiLink,Mobile App,Greater Accra,MER030,RCP0172,DEV0107,SUCCESS,,430.28,336.85,561,4,1,2,76.3
TXN001431,2026-08-15 13:53:00,CUST0053,Consumer,Cash-In,435.99,GHS,SwiftCash,Mobile App,Bono,MER013,RCP0226,DEV0036,SUCCESS,,2183.14,2619.13,2023,2,0,3,59.6
TXN001432,2026-08-06 17:46:00,CUST0202,Microbusiness,P2P Transfer,81.97,GHS,SwiftCash,Web,Greater Accra,,RCP0138,DEV0029,SUCCESS,,244.72,162.75,1170,1,2,1,56.0
TXN001433,2026-08-06 07:22:00,CUST0049,Consumer,Cash-In,36.55,GHS,SwiftCash,Web,Greater Accra,MER076,RCP0113,DEV0328,SUCCESS,,236.82,273.37,1271,4,2,0,79.0
TXN001434,2026-08-18 10:15:00,CUST0131,Consumer,Bank Transfer,78.01,GHS,ApexMoney,Mobile App,Greater Accra,,RCP0216,DEV0384,SUCCESS,,210.64,132.63,1025,2,2,0,46.3
TXN001435,2026-08-10 21:40:00,CUST0099,Consumer,Cash-Out,61.64,GHS,ApexMoney,USSD,Greater Accra,MER034,RCP0003,DEV0074,SUCCESS,,793.66,732.02,210,10,0,1,88.6
TXN001436,2026-08-04 03:48:00,CUST0069,Microbusiness,Merchant Payment,117.86,GHS,KasaPay,USSD,Ashanti,MER026,RCP0054,DEV0259,SUCCESS,,477.71,359.85,1720,4,2,3,99.0
TXN001437,2026-08-14 05:47:00,CUST0231,Consumer,Merchant Payment,83.33,GHS,ApexMoney,Web,Greater Accra,MER058,RCP0121,DEV0056,FAILED,Validation Error,251.6,251.6,732,3,1,1,63.6
TXN001438,2026-08-21 05:46:00,CUST0217,Consumer,P2P Transfer,27.91,GHS,KasaPay,Mobile App,Ashanti,,RCP0032,DEV0187,REVERSED,Network Timeout,375.37,375.37,539,4,2,3,98.8
TXN001439,2026-08-10 21:17:00,CUST0271,Consumer,P2P Transfer,20.28,GHS,ApexMoney,Mobile App,Eastern,,RCP0006,DEV0356,SUCCESS,,272.15,251.87,1723,5,1,1,70.5
TXN001440,2026-08-30 14:46:00,CUST0051,Consumer,P2P Transfer,101.85,GHS,MobiLink,Mobile App,Western,,RCP0094,DEV0366,SUCCESS,,615.18,513.33,451,4,2,0,73.8
TXN001441,2026-08-25 03:58:00,CUST0215,Consumer,Bill Payment,263.92,GHS,MobiLink,Mobile App,Central,,RCP0040,DEV0427,SUCCESS,,3689.63,3425.71,1506,1,1,1,46.8
TXN001442,2026-08-16 21:28:00,CUST0282,Consumer,P2P Transfer,87.13,GHS,SwiftCash,Mobile App,Eastern,,RCP0166,DEV0140,FAILED,Service Unavailable,744.82,744.82,1051,2,1,0,42.1
TXN001443,2026-08-29 23:22:00,CUST0229,Microbusiness,Bank Transfer,162.6,GHS,SwiftCash,Web,Greater Accra,,RCP0143,DEV0427,SUCCESS,,459.55,296.95,1762,3,2,2,73.5
TXN001444,2026-08-14 10:07:00,CUST0057,Consumer,P2P Transfer,192.65,GHS,ApexMoney,Web,Western,,RCP0126,DEV0353,SUCCESS,,299.25,106.6,125,3,0,0,39.6
TXN001445,2026-08-05 07:54:00,CUST0247,Consumer,P2P Transfer,102.18,GHS,ApexMoney,Mobile App,Greater Accra,,RCP0129,DEV0153,SUCCESS,,179.91,77.73,1707,2,2,2,78.9
TXN001446,2026-08-02 02:40:00,CUST0033,Consumer,Merchant Payment,40.76,GHS,SwiftCash,USSD,Greater Accra,MER067,RCP0026,DEV0148,SUCCESS,,854.29,813.53,516,1,0,1,25.4
TXN001447,2026-08-30 01:53:00,CUST0177,Consumer,Merchant Payment,96.16,GHS,SwiftCash,Mobile App,Greater Accra,MER068,RCP0105,DEV0049,SUCCESS,,820.17,724.01,1917,1,2,1,47.2
TXN001448,2026-08-30 18:04:00,CUST0150,Consumer,Bank Transfer,227.24,GHS,KasaPay,USSD,Eastern,,RCP0019,DEV0415,SUCCESS,,347.38,120.14,787,1,0,2,37.2
TXN001449,2026-08-23 22:00:00,CUST0160,Consumer,Bill Payment,127.79,GHS,KasaPay,USSD,Ashanti,,RCP0092,DEV0092,SUCCESS,,1224.15,1096.36,30,5,0,2,70.5
TXN001450,2026-08-04 04:38:00,CUST0156,Consumer,Bank Transfer,153.85,GHS,KasaPay,Mobile App,Eastern,,RCP0176,DEV0121,FAILED,Limit Exceeded,500.61,500.61,1080,2,1,3,67.9
TXN001451,2026-08-10 02:28:00,CUST0010,Consumer,P2P Transfer,54.97,GHS,ApexMoney,Web,Ashanti,,RCP0256,DEV0186,SUCCESS,,881.01,826.04,134,5,0,1,69.8
TXN001452,2026-08-02 06:33:00,CUST0153,SME,Bank Transfer,68.58,GHS,ApexMoney,API,Ashanti,,RCP0077,DEV0062,SUCCESS,,615.32,546.74,603,2,0,3,60.8
TXN001453,2026-08-02 14:07:00,CUST0282,Consumer,P2P Transfer,73.63,GHS,KasaPay,POS,Ashanti,,RCP0069,DEV0363,FAILED,Invalid PIN,431.45,431.45,1580,2,0,3,58.4
TXN001454,2026-08-08 15:04:00,CUST0132,Consumer,Bank Transfer,77.97,GHS,KasaPay,POS,Greater Accra,,RCP0174,DEV0315,SUCCESS,,240.77,162.8,1239,3,0,3,67.7
TXN001455,2026-08-18 17:40:00,CUST0084,SME,Merchant Payment,219.81,GHS,MobiLink,USSD,Ashanti,MER016,RCP0238,DEV0071,FAILED,Recipient Unavailable,441.8,441.8,1563,5,1,3,95.7
TXN001456,2026-08-03 00:45:00,CUST0299,Consumer,Merchant Payment,11.08,GHS,KasaPay,Mobile App,Eastern,MER074,RCP0077,DEV0074,PENDING,Awaiting Confirmation,926.61,926.61,1934,3,0,3,55.9
TXN001457,2026-08-31 12:32:00,CUST0030,Microbusiness,P2P Transfer,83.59,GHS,SwiftCash,Mobile App,Ashanti,,RCP0218,DEV0010,SUCCESS,,336.6,253.01,1037,1,0,1,38.4
TXN001458,2026-08-15 02:36:00,CUST0146,Consumer,P2P Transfer,76.13,GHS,SwiftCash,USSD,Greater Accra,,RCP0082,DEV0428,SUCCESS,,685.27,609.14,1203,2,1,2,54.0
TXN001459,2026-08-09 04:18:00,CUST0154,Consumer,P2P Transfer,25.39,GHS,ApexMoney,Mobile App,Eastern,,RCP0166,DEV0197,SUCCESS,,218.75,193.36,142,5,0,3,79.3
TXN001460,2026-08-16 23:58:00,CUST0144,SME,Bank Transfer,144.17,GHS,SwiftCash,Web,Greater Accra,,RCP0055,DEV0295,SUCCESS,,884.52,740.35,641,1,2,1,54.0
TXN001461,2026-08-25 11:52:00,CUST0277,Consumer,Bank Transfer,44.0,GHS,KasaPay,USSD,Greater Accra,,RCP0068,DEV0068,SUCCESS,,623.1,579.1,1597,5,2,3,99.0
TXN001462,2026-08-10 16:33:00,CUST0127,SME,Bill Payment,60.13,GHS,KasaPay,USSD,Greater Accra,,RCP0255,DEV0104,SUCCESS,,200.02,139.89,150,5,0,2,75.9
TXN001463,2026-08-02 11:21:00,CUST0292,Consumer,P2P Transfer,392.08,GHS,ApexMoney,Mobile App,Ashanti,,RCP0101,DEV0244,SUCCESS,,416.54,24.46,799,2,2,1,60.9
TXN001464,2026-08-02 13:54:00,CUST0021,Consumer,Cash-In,192.19,GHS,MobiLink,API,Greater Accra,MER046,RCP0005,DEV0094,SUCCESS,,990.87,1183.06,313,3,2,3,84.3
TXN001465,2026-08-27 09:52:00,CUST0221,Consumer,P2P Transfer,132.73,GHS,MobiLink,Mobile App,Central,,RCP0200,DEV0276,SUCCESS,,191.66,58.93,1888,3,2,0,68.2
TXN001466,2026-08-04 11:01:00,CUST0178,Consumer,Cash-In,112.58,GHS,ApexMoney,Mobile App,Greater Accra,MER052,RCP0033,DEV0007,SUCCESS,,220.7,333.28,1241,4,1,2,79.2
TXN001467,2026-08-20 16:51:00,CUST0073,Consumer,Merchant Payment,70.81,GHS,ApexMoney,Mobile App,Western,MER076,RCP0029,DEV0138,SUCCESS,,467.72,396.91,1423,4,0,3,75.8
TXN001468,2026-08-12 22:04:00,CUST0069,SME,P2P Transfer,445.62,GHS,ApexMoney,POS,Greater Accra,,RCP0217,DEV0274,SUCCESS,,2440.6,1994.98,1508,1,2,0,47.2
TXN001469,2026-08-25 02:28:00,CUST0216,Consumer,Cash-In,161.07,GHS,SwiftCash,API,Eastern,MER040,RCP0091,DEV0413,SUCCESS,,297.55,458.62,505,2,1,1,45.8
TXN001470,2026-08-02 21:01:00,CUST0192,Microbusiness,P2P Transfer,43.07,GHS,KasaPay,Mobile App,Western,,RCP0036,DEV0403,SUCCESS,,714.41,671.34,123,5,0,2,86.0
TXN001471,2026-08-28 19:57:00,CUST0184,Consumer,Merchant Payment,24.78,GHS,ApexMoney,Web,Ashanti,MER079,RCP0253,DEV0004,SUCCESS,,598.9,574.12,884,2,0,0,24.5
TXN001472,2026-08-22 15:27:00,CUST0016,Consumer,Cash-Out,131.87,GHS,SwiftCash,Mobile App,Greater Accra,MER060,RCP0073,DEV0050,SUCCESS,,316.67,184.8,420,2,0,3,58.7
TXN001473,2026-08-14 22:15:00,CUST0180,Consumer,P2P Transfer,77.67,GHS,KasaPay,USSD,Ashanti,,RCP0164,DEV0444,FAILED,Network Timeout,556.05,556.05,718,4,1,2,73.3
TXN001474,2026-08-07 10:01:00,CUST0295,Consumer,Bill Payment,24.18,GHS,KasaPay,Mobile App,Bono,,RCP0069,DEV0417,SUCCESS,,352.17,327.99,712,1,1,1,40.1
TXN001475,2026-08-31 06:59:00,CUST0006,Consumer,Merchant Payment,117.25,GHS,KasaPay,USSD,Bono,MER073,RCP0151,DEV0145,SUCCESS,,376.77,259.52,1723,1,1,1,39.3
TXN001476,2026-08-10 08:44:00,CUST0141,SME,Bank Transfer,64.8,GHS,KasaPay,POS,Greater Accra,,RCP0181,DEV0235,FAILED,Network Timeout,141.75,141.75,713,4,2,0,62.4
TXN001477,2026-08-16 04:56:00,CUST0149,Microbusiness,Cash-Out,127.88,GHS,KasaPay,USSD,Central,MER006,RCP0197,DEV0258,SUCCESS,,483.8,355.92,345,1,2,0,50.1
TXN001478,2026-08-13 05:13:00,CUST0270,Consumer,Cash-Out,118.57,GHS,ApexMoney,Mobile App,Ashanti,MER003,RCP0107,DEV0301,FAILED,Validation Error,967.12,967.12,2109,5,2,2,85.8
TXN001479,2026-08-08 03:31:00,CUST0085,Consumer,Cash-Out,48.57,GHS,KasaPay,Web,Greater Accra,MER010,RCP0160,DEV0338,SUCCESS,,514.44,465.87,122,2,1,3,73.9
TXN001480,2026-08-13 21:57:00,CUST0143,Consumer,Bank Transfer,139.48,GHS,MobiLink,API,Eastern,,RCP0218,DEV0007,SUCCESS,,1116.42,976.94,460,1,2,1,66.22784665653498
TXN001481,2026-08-05 16:42:00,CUST0216,Consumer,Cash-In,53.35,GHS,KasaPay,USSD,Ashanti,MER013,RCP0218,DEV0401,SUCCESS,,761.47,814.82,773,4,0,0,44.7
TXN001482,2026-08-01 01:14:00,CUST0019,Microbusiness,P2P Transfer,56.38,GHS,MobiLink,USSD,Ashanti,,RCP0194,DEV0027,SUCCESS,,471.23,414.85,151,1,1,2,54.2
TXN001483,2026-08-09 23:45:00,CUST0241,Consumer,P2P Transfer,51.81,GHS,KasaPay,POS,Western,,RCP0104,DEV0015,REVERSED,Settlement Failure,307.68,307.68,1980,2,1,2,58.1
TXN001484,2026-08-04 11:22:00,CUST0247,Consumer,Cash-In,213.01,GHS,SwiftCash,Mobile App,Greater Accra,MER015,RCP0138,DEV0432,SUCCESS,,342.17,555.18,786,2,0,0,24.4
TXN001485,2026-08-13 20:35:00,CUST0216,Consumer,P2P Transfer,64.17,GHS,ApexMoney,Web,Eastern,,RCP0251,DEV0080,SUCCESS,,163.55,99.38,1724,3,2,2,70.5
TXN001486,2026-08-27 17:53:00,CUST0195,SME,P2P Transfer,261.54,GHS,SwiftCash,Mobile App,Ashanti,,RCP0065,DEV0448,SUCCESS,,403.3,141.76,308,3,0,0,42.9
TXN001487,2026-08-06 00:57:00,CUST0225,Microbusiness,P2P Transfer,370.91,GHS,ApexMoney,POS,Greater Accra,,RCP0180,DEV0129,FAILED,Recipient Unavailable,549.77,549.77,1154,1,0,0,26.6
TXN001488,2026-08-01 00:55:00,CUST0235,SME,Cash-In,43.47,GHS,ApexMoney,Mobile App,Ashanti,MER030,RCP0206,DEV0165,SUCCESS,,1783.92,1827.39,291,2,0,1,41.5
TXN001489,2026-08-04 10:39:00,CUST0272,Consumer,P2P Transfer,6.8,GHS,ApexMoney,Mobile App,Volta,,RCP0125,DEV0013,SUCCESS,,732.34,725.54,521,1,2,2,58.7
TXN001490,2026-08-16 18:04:00,CUST0129,Consumer,Cash-In,197.91,GHS,ApexMoney,USSD,Ashanti,MER035,RCP0225,DEV0425,PENDING,Awaiting Confirmation,257.59,257.59,905,1,1,2,49.9
TXN001491,2026-08-09 12:28:00,CUST0137,Consumer,Bank Transfer,60.91,GHS,MobiLink,USSD,Greater Accra,,RCP0111,DEV0162,SUCCESS,,167.41,106.5,1900,4,0,2,63.0
TXN001492,2026-08-16 04:11:00,CUST0192,SME,Bank Transfer,39.01,GHS,MobiLink,Web,Central,,RCP0217,DEV0076,SUCCESS,,422.03,383.02,684,3,2,0,48.5
TXN001493,2026-08-01 21:45:00,CUST0058,Consumer,Merchant Payment,49.38,GHS,SwiftCash,API,Bono,MER010,RCP0167,DEV0218,SUCCESS,,905.8,856.42,1664,1,0,1,32.4
TXN001494,2026-08-11 07:49:00,CUST0257,Microbusiness,Cash-In,57.25,GHS,ApexMoney,Mobile App,Northern,MER067,RCP0014,DEV0070,SUCCESS,,417.61,474.86,215,2,0,2,52.1
TXN001495,2026-08-13 17:08:00,CUST0232,Consumer,Cash-In,245.33,GHS,MobiLink,Mobile App,Eastern,MER024,RCP0214,DEV0356,SUCCESS,,739.88,985.21,564,4,2,2,85.4
TXN001496,2026-08-14 08:54:00,CUST0190,Consumer,Merchant Payment,93.31,GHS,SwiftCash,Mobile App,Ashanti,MER038,RCP0181,DEV0033,SUCCESS,,430.16,336.85,1335,2,0,0,41.6
TXN001497,2026-08-18 02:03:00,CUST0091,Consumer,Cash-Out,242.51,GHS,ApexMoney,USSD,Eastern,MER009,RCP0058,DEV0225,REVERSED,Settlement Failure,843.66,843.66,1038,3,0,3,60.0
TXN001498,2026-08-25 04:45:00,CUST0105,Consumer,P2P Transfer,123.98,GHS,KasaPay,USSD,Western,,RCP0183,DEV0177,SUCCESS,,148.72,24.74,1111,4,1,0,53.0
TXN001499,2026-08-15 11:37:00,CUST0131,Microbusiness,Bill Payment,62.62,GHS,SwiftCash,Web,Northern,,RCP0133,DEV0017,SUCCESS,,1641.12,1578.5,1497,4,2,3,94.8
TXN001500,2026-08-27 01:51:00,CUST0199,SME,P2P Transfer,58.45,GHS,ApexMoney,POS,Western,,RCP0245,DEV0024,SUCCESS,,213.93,155.48,183,4,2,2,86.5
